sequence_id,label,split,sequence_length,sequence_sha256
gb_train_012594,1,train,251,67684949df29331a2edff73d9b5463b811f4d27667db01fd39035c87d6fefd58
gb_train_024252,1,train,251,c9eaa4c6566073bda8f93dcb754101f67fd40746332b58f22bf1c5d59dd06808
gb_train_013920,1,train,251,fe1b90534451b0df4bc2329b87cbd2fb7b6e11ece21020408a386355d61b3878
gb_train_014038,1,train,251,9f6c98a04a419de2b94611d2212fceae8a3e7d6b73d934e43fc0da56660588ee
gb_train_025550,1,train,251,daef8ec1c2cd89facc19e2c6662fddee95f3d54d4f2e29577a620296979198dc
gb_train_014809,1,train,251,07a7136f8806b5e518d59c56ea23a4a6139b8a3aa33cae3a237da40e91e04253
gb_train_026802,1,train,251,5cb2cb4b34a654d571417347a68932f08fbb42514871ef540a3e98652c0ca826
gb_train_025736,1,train,251,7495145888454cd100030df5f30ed6d33815b2744240e265034ae0b46c528bb6
gb_train_017104,1,train,251,6adc3180f664fb80f8e13e947d38012b466c5c10962309aaafabbf69c155250e
gb_train_021178,1,train,251,7280e452298fc4f551a35338148f581f24122ac9ede759fc3a0660449c566cc4
gb_train_023512,1,train,251,e482b74a02342aa07c17cdde57d31237e0a15923abf7870835bcdc56295f8037
gb_train_013591,1,train,251,5e09315e2a8254a28e690874c3248495d81984a284f7a4c1a4133dd8a40c376a
gb_train_024563,1,train,251,8d49ba40e6d354fa7b7f521f79d968901396bb07d1204108a74dd6dc4c79c265
gb_train_020584,1,train,251,37d7541b57e54eebf5af7dd4ef07bc7b1e420c034d2c2b8fe083b7fc153c08c0
gb_train_018430,1,train,251,389844467459da5b9df31f9da1899d50b614d9589fc436cfeab641f61a53ae8d
gb_train_015509,1,train,251,260a7723c91f41e7331e0f441bf8a7ac96cc6fbcce28ec2a1f8a0d885eff76f2
gb_train_015052,1,train,251,336a6492d096ba58a0b8fdc46741a3661bad03bbc52b51e9bba5397b3fd78f37
gb_train_015535,1,train,251,60fe0be7c5078062e5bd5cb4a4f4b874f2a5a09d09293412d45bb1b7a2fededd
gb_train_027065,1,train,251,761ffd244c5ee5b7d59003dd87445ed8fd742f875812a466a5da38a9ea65e02c
gb_train_025599,1,train,251,e3d6a664e2656b259722f82a1d93447f406d543432dd0355da0d503f1415a473
gb_train_020333,1,train,251,73987c3f9bb414930080d2475f17e76576c512754ea4ef10b50cfc10dc0e3df4
gb_train_019604,1,train,251,6317f033452032ae1706d06f3840722487b60349f62e48633d56fb08c94fa23a
gb_train_026362,1,train,251,ee03cdfd78171ecd620c6877b8bb5e9cc1b5ffecf1bd051771364d1037df95a7
gb_train_025396,1,train,251,0571bd6980503e1d8fa3856fe0473d44eac64d5532713cce10e905a0bc441596
gb_train_015860,1,train,251,92d34da0ce775541f4d3b658582740289f8d662698bb82cd6f23ec5f534169e2
gb_train_026626,1,train,251,3b82ecdce1eaf2625583c75ae21a98defeda0130f66b4de10d2a09e7cdf9a84f
gb_train_022600,1,train,251,b923369df3443f01771ca4719d6ec9a3dadec78c571db9dba7251d1b4cd87d5a
gb_train_020822,1,train,251,b5148b025c25b3a568155d23ee04da7af3c5a955465ce682c634a8813f287b75
gb_train_014621,1,train,251,305fdaecc274873735f2515d2629a3cf53c85c57943c20c749777226a7b13f24
gb_train_019270,1,train,251,175e82283f9860b82e6f136377de2caeec561baf9d835a37e448ab7f52e94691
gb_train_015933,1,train,251,03284a26c4a3b4e7d5afbba139194bb72fb3e713c881651b4bc5b3613fd30b68
gb_train_015528,1,train,251,c83ce73ced260f87528e293ba387da75240b7371e76a6814903f8a57eed7e791
gb_train_017255,1,train,251,0fd74f0b10d51e35c5507688dd801c55c3cc8a26334087e7e4717f04c6b7bc03
gb_train_018386,1,train,251,761e43d6b3592b5d8ea145dbf45e365c8882951559c3aec050d1f2d096e61d09
gb_train_014241,1,train,251,20384407bb886e0e5a89b58a4cf081f14f98e5b377414fd513946aacee1ef2c6
gb_train_015177,1,train,251,e4c4b6435fbc32fabbde8b267a8b49fd30f172df43559a6b11e95522a1525ce0
gb_train_027061,1,train,251,38eb0a7fc254f3efce4d9cd96410a8edb9db147f234bdb3a7cc9f06bab1130a1
gb_train_014447,1,train,251,7276d241c47c936c9784fc643a6fc7cfe2dc5e3b77e2a1b7a4dd0194a534709a
gb_train_023688,1,train,251,b972a7226d7e467409611f86ea7c81408e8dcee2eba86df6454cc3ba8b1f5d81
gb_train_021514,1,train,251,7bbaa7deaa63b439870946cea282dc447da4dd9f093784f056b333e2685d518a
gb_train_016225,1,train,251,d7aa3eaa6f796313e9e47b92249264b60727c87edf8c41e1586cf04e0db61fe3
gb_train_016180,1,train,251,5628a4d357865d1e20b1556fb47e5764ee6bb5e3432c308c6db6a76493ad6f29
gb_train_026923,1,train,251,7d70f765041ba2e3510772853c86c4bcc777cfb18f2d779ff64a721a6007eed4
gb_train_020231,1,train,251,89b52fc6066cd078deb595b826b8a0a5159ca916320a0a650e8105095cb8660d
gb_train_026591,1,train,251,5ed2e0d520e81c0522ad99713820aa6a2302ccdba799b657fd017c1285c0dd26
gb_train_014139,1,train,251,e5a50b151ff074877f339e7a511848430b9ede4c26fb2e61065885bb737ada15
gb_train_023400,1,train,251,f2f8389fd56bcc3985a6b3c8facc3d14a9247d03647f61c7e5a8028e0cee289e
gb_train_022960,1,train,251,02b11699958a5883887440014fd70d349584ed1264a4c1ce4726b6280d615048
gb_train_024599,1,train,251,6a4f48c9d04e0f1ad93cb47d3171fcb8fe7b78ad2e225641175c69d16f06bafd
gb_train_022259,1,train,251,f81b87c3deba74f906a45be9e4547334acc73f965df8d505bfe679aa73f4ea99
gb_train_016488,1,train,251,976da610fe1bd9c35056a513824975a7f026562abb9ad6f3b4264a4021a181e8
gb_train_018936,1,train,251,c46f62c2479534b53176275b40db9b111e6e5d3ff68e22ca0cf329f2488e5e07
gb_train_017246,1,train,251,3967074da942b3b90ce586be00fab8f87952d7dcdd683f1792976ee95ef067ab
gb_train_019763,1,train,251,1c29bab357b948a915a22b52c73a736eafcd0bc38f53fb079c59b2f137a00f47
gb_train_013789,1,train,251,3bfd854eaac7c4ea09f50a5ce7fd12980faa9582484b8004664a0f434a84ba97
gb_train_015638,1,train,251,b03b2da88bf07a2420103f2765f407ca209c6a6e4991cc9a55da8fcbd5abc675
gb_train_023378,1,train,251,6dfaff1dcd1d53aa3db307783b533245b588e8f60ec7691383f40c3c29ec43b9
gb_train_022577,1,train,251,2b73625cbc73728e32036e73b500afc06bad280678d694ddb77a00460a5453e2
gb_train_014204,1,train,251,8144e80053357d1c9c3d1c2ac3c84242e97afef41bf465f188791453b2b4f09b
gb_train_019559,1,train,251,135b0337dd778641ed6c3f7329e64e63509c960dedba477ddda3699397398fed
gb_train_016896,1,train,251,c69d07d8133e380fcccc03c63fb7725a30fac38792efee799d44c17e5c17874d
gb_train_014706,1,train,251,92f9a66f86117634bf141837d5c5b2340721912fbcceb14c32aff8d569b5bda5
gb_train_018387,1,train,251,637445d5e14a6d2573b2fdc3704321cb1c8c47e98b741e0fdf1f67f4dbd64ef1
gb_train_022657,1,train,251,eda78493fd9e6e09a7c434f74121e3c0cc707acd52b963e6e616667b59d4d0df
gb_train_024962,1,train,251,7409b3bf1c81f15516cf0f1e4f62b8c47612ed31e0311e3182f9aa983a8c9e5b
gb_train_024753,1,train,251,46b046b1caececdd501a615d755b43d0433d6fa86bb49189e7a26839f263c90c
gb_train_018985,1,train,251,0e398940cba3776a6d8d108110b8fe765b583010e3f7a988464a722189857850
gb_train_013029,1,train,251,bdb916b126df5b7437917b962ca725dd26d88d123759d49cbf5078e81acfba16
gb_train_026735,1,train,251,f0a6e06117622369e212d5d0096f34984082c427e248c6e58f592afb6bc05117
gb_train_022289,1,train,251,18492a7cfe6ae33465140c3966ba2c964e43b988c5eeab957f8996e1400312a5
gb_train_025582,1,train,251,92051bbcd26898c4af4ddbc6d5fcb4c414e007765a68aba638e2b9a812f89871
gb_train_017288,1,train,251,bb62dacef63a4a7d1048d7ea7dafcd2974eb79309ff3141027b0fb37ab4875f2
gb_train_021740,1,train,251,724f59eeeed1ceb9542e23135c0c9a9f43398e5a8f09c01eb38115ceae0a2bf5
gb_train_013183,1,train,251,e7a6d3995f38d47811cd31854dd1fbd7a64175d0d9ea333f23842f4f717fee79
gb_train_022139,1,train,251,788a9baba4912d5fc994ccc55c496e95649f6b03424401eb0c7bb05b653f4f1a
gb_train_014858,1,train,251,7046c3518c2dd30c45a66e530277b042fce4324f828f960d41965759f52cb1f6
gb_train_013346,1,train,251,3d379b1ef1dd402a8875d24134d7a84543573ea9a1a55794315206807b37ea97
gb_train_016775,1,train,251,3bc4c3710c8b7a8425d6215f1104a2fab996c905230389afea0a265f25f666dd
gb_train_022400,1,train,251,6164ac822d2466fc7b1a745d69a7b3c2f24bf07a02694ea8ac1bb4bbfd04b4f6
gb_train_020017,1,train,251,3eb5102b206c4e81ad0de5780eb2c1f0334b56cf649f218455776b3676a39b6b
gb_train_026786,1,train,251,722948f7d6da5946c9834d431b12a2788e9f506dc6be89d21cedc6da73bdf565
gb_train_020557,1,train,251,70d083c4cc385e8e35379f19d29187fcc0261e0f9a99df27e0bfa4f26c69eb51
gb_train_018424,1,train,251,cf52e7ba205044a78564e8f83ab61219ebf7b5034cea539e8752c0dd8b7cfdf0
gb_train_019329,1,train,251,061cfae43875f8ae9c1befff61fedf969f5c3869e2fe219cb39b5827b133eb2d
gb_train_016430,1,train,251,d863505f731ccb62dbeb752a2e4f1f2414b61e6e405eaa9cd92a1f160f782938
gb_train_017397,1,train,251,4c11f7e0f2f9cc480258c52c9f619c2e3fa3166d3eb3f6669350c1a84959bf7f
gb_train_017009,1,train,251,f39c11d3147e8ba1dac40e2b0edada90ea2f1e8d6981c8db804a5eae3afd55b0
gb_train_012976,1,train,251,e0f2f7ee9bfcdcede066f55594594572a47661308037c3ccfbac2925fef18539
gb_train_023289,1,train,251,a3037bfcc0759f574a4e891891608f8fa514206da61e9d4cef278790624f0605
gb_train_023910,1,train,251,da75145d49f73244ce29fbea05f5a9c9d6f245c2cfd05653addbcea0e9eead6c
gb_train_014663,1,train,251,c6b5f11712ff89711cb8a51181b8079954fcfc113394b2fc9331a75a5387f59e
gb_train_026602,1,train,251,e838e56113d0556c92125d5296334906304bfae96a22818aa80c0d4cf19d45a2
gb_train_020698,1,train,251,1d5693323c198458254161766bf108f8efeb007ca3e521b4ff72bb60fb7c0cfd
gb_train_022943,1,train,251,381fc28467f82b75adfd0772636d9606923567ae33465813388f9453f3c682cc
gb_train_015742,1,train,251,ebe40f58a805348d5453b7df81781da187b623fbe6584ffc0a0f80bc20e2014d
gb_train_023797,1,train,251,36671d100f531ef7445a00fcafc4f6ba8ee7c1dd8ac0503825b4f41f60044f8a
gb_train_012998,1,train,251,205e4c08f85cb6759d54c5d92b02f3adc547a8425fb30501a7dce0eb1f751893
gb_train_026007,1,train,251,d21e937a330ac05b03705d852b45d74511e8da57b4846ae5cb64d7eef246778a
gb_train_012964,1,train,251,bcbe6689352b75fe6ab5fcbe11dc9bf9700e33a33e7e20f2a2da2ae118ca47de
gb_train_019141,1,train,251,90e7c7ecd1215e1cecc9a40749b9f6d57c5022e3c17fdc752a05e397c9105d64
gb_train_025382,1,train,251,18d244636ae628625839bb3a1c0740e69f11bacd2a605f48e24d006de28148f9
gb_train_019744,1,train,251,755389f516b0249a9ab5a82f7a471fc4d7b452e2cb0985c15cddf94ea77a3e3e
gb_train_015706,1,train,251,22736322a592fd4ebe17cb0b664de07a379bf8f47f74a26c26c66297ef11dd84
gb_train_014156,1,train,251,f53c4621ac52003119bff0bd6595cd40b1adae4b576ebf5df7e54b170bca67a1
gb_train_019755,1,train,251,2264c656f32e183018d980bb2bf026a1ac2e2d7b481b3bc5c4b287cbc164b96c
gb_train_015692,1,train,251,0bb9225263bb99ee024dce9a79e1367b2124e306a3f05c5df4ef05c58cb19591
gb_train_015394,1,train,251,aa19cee7c2595fa5670b55d45b7fc1dd8b76919801c9694680f124812c6c2c0c
gb_train_020294,1,train,251,eb220bc41ede106f47d52a673c90f68cf375e61dde78851efd75489470e64f64
gb_train_020462,1,train,251,ccacc12e6e265605e7aa51b69a75818cb0b016e0b62b82b70f0595278c3a2239
gb_train_013696,1,train,251,6bb790c0d469b8f12f8e522036411149ad28ee0969979c2eea9b31b313cea2be
gb_train_022118,1,train,251,877fbf0c1c516f43d21d27e426e8ad59d2d77521ac8882a918ca7ee866c314e6
gb_train_025793,1,train,251,71d86725b910416668d9d1962e86dd826e30701a7641c26e45a3dba5ab91560b
gb_train_025968,1,train,251,eea0cda90212474f27d4500a9fc7de42f47143447318cb10e60c4fe2acaaaa29
gb_train_013278,1,train,251,616f080df431b1b138ca10b76f9a46701d4b7f637eded1d494e0efa67d928f06
gb_train_018247,1,train,251,49abf9403b5811cf4ea82a95c920788826a7dd9bf3291661e6689c656a187809
gb_train_020528,1,train,251,04125cb188dde541799f416f38f0ad4f2b1069359a31edacf5959438ba289e95
gb_train_017862,1,train,251,a666dfcc8e8a56163be1f96e441b59e430907be4d0c795ed205dc7083a63ef02
gb_train_016259,1,train,251,e55f5f172f5a311a51b7de164fd97f72ce073b7afcff954ff77250bc4dee0577
gb_train_020465,1,train,251,67ffbc20c1fa0d0f67adcccb784844f1086c32c89509de59b5a87f91dd90a85d
gb_train_023281,1,train,251,984b7c8cfc993940ae5b057ce67f4e73c2f4b9dc7a3edd94ba0c09c53d6b5fc2
gb_train_024597,1,train,251,24d2bf54150239dfedea15eb159951d841923ab2e843893f37b6342dc60ba3b7
gb_train_022684,1,train,251,ec83c4e8cc984e1064ebde5cfc4d3d06f4602a240a0d6472d04346b8c130d0bf
gb_train_021659,1,train,251,0cc21c07e3c5dbd54b65674a24f586fab6e125b2969b51e8a5ac09b12468ed84
gb_train_017283,1,train,251,ad1d5ad980e3ca149b817cb870d332b4ae1261b83c410c084762f273993734c2
gb_train_026457,1,train,251,b42a2b4b7e1f5cdff29e04f5f68c2be1f89d65355c27339cb8b3b54f09cae9f7
gb_train_026511,1,train,251,4e885232f3c4bfacc76fa21bf7cfd14a15dd9e66c0fddf4763efb9ec81c31db3
gb_train_024046,1,train,251,f4ffeb5cb7c6668e9c3302cb8fdf57b9d17c65396ae866f03c1f27cab195e70d
gb_train_016028,1,train,251,9d683bd864ec788e7ecb89ca6e4c96d8995bb7ffb0f6c1d51de6a4d8bf574879
gb_train_024038,1,train,251,0f3af2146fba448237cdb1cffdf6cfd2e765cf863504b3f083c09810ffba50f0
gb_train_013153,1,train,251,ccea610da210f903149b5fae73777f39578aeccbd5a3be022af0a3e1b5736e8f
gb_train_019056,1,train,251,ed35387c305327d8f571b8ba510b88a6f02a6bb6a4bc23fcaf154d1dbdd8aa05
gb_train_021831,1,train,251,6075bda9b6738d71f92ca7520de85371aab3e04d68bffc7d4c81a1c2e5ef5de9
gb_train_016824,1,train,251,6d1ccfd933fb491b426d72dff44d419e0175bf49bf0039774b82aee6b3391f6c
gb_train_020247,1,train,251,3eaae5a1ae043ce9c713911240062acdca0bb517321ea527f804be568c0a2cb6
gb_train_019625,1,train,251,74e94c66c99a9dcb84dbfc7b720cd38e72ab4b3bfd3066902ce4f5690328ed58
gb_train_026072,1,train,251,c313d54cb1adc8a50e730a719c0262dc589f24ceaa8851b8d013c42e3a37cc15
gb_train_020138,1,train,251,fe49196921a43a308739e615382b4df5ba1f5f3f48f3202189c7d624314290f4
gb_train_013627,1,train,251,a0744aeeeae7cd98e3cc7981ea3ba0905e77c367d685fbc6ecbf64c2a2b8e94f
gb_train_024081,1,train,251,3b8f4c320dd1d72bdad25b06220c2b85fd01adaee2917d82d478dd8f2cc043cf
gb_train_015879,1,train,251,e5d08348de6cc7f3e01d2898144ddd682a3e4eb56c2e8a70a2ac690ae9a67183
gb_train_026000,1,train,251,e1e69f42e3080dc5e9b3d4c23d680f171d8a1dc087da6ac565a66d298975c7dd
gb_train_015782,1,train,251,7762c5f41c26bee7bab829b899ee924ab1b28a6afef99089f05e40c4427eed22
gb_train_025323,1,train,251,6d2d32abf9633af6aea6f43f177e7df6ddc3afefc21ad6d7a8cb47ee35d8dd5a
gb_train_018411,1,train,251,eb8f4ecba322545f5b9bf29d4db53058db210667cb14ed911eb4232a1226f169
gb_train_015109,1,train,251,29f77229c86d097b64a6e94740739215e19cb5be13f54a327772fda69620fe77
gb_train_025560,1,train,251,a07094e11adde194121aa24ab224f6f3afc970569146f5a401e6a42603c4dd60
gb_train_020770,1,train,251,9f1f03a3e41541972a239ad31e60257efe14c16cfaebe862936f2b87eb579568
gb_train_012500,1,train,251,94a5881d6837e3ce28011f8ba82e227dbb9541a76abedc7a70742f03dd6192d2
gb_train_018056,1,train,251,735ce26544cb71f940d00f952546e6c4879d8cfce845bb743f18148f61f75a84
gb_train_016563,1,train,251,e2e0bae94a8421da34de3bdcb8f80613b2830a114b926d795888f023042e04d2
gb_train_020673,1,train,251,930c7b7bbb8bcec97fd5667e7c27756f7b2042d774150bc778914ba159039dab
gb_train_016887,1,train,251,a743cbdf10855c33eaf33ef21cf98b7bc351785bd8103b5201be98ed1d7887e9
gb_train_016959,1,train,251,79b3b37c1573ea5a3e6aeeeb3a26ee8490dafba5987788369fdac060a6416064
gb_train_013230,1,train,251,2900a3240dc2bfd147789255df89f694946edd1eeb6a7e2edce2aa5b87fc94d7
gb_train_019464,1,train,251,688881fa6e64a02606cea1daea4ea8bc9e97b91102cf02ea04e370d89dae4803
gb_train_017646,1,train,251,144282f6dece30eb6584c4feef921839b85a13c7aff41cc87cca25370ebfc6b3
gb_train_015605,1,train,251,1104b2ea7c58fe1287842981428b1e78983ed84037264a5211a5185b792c8358
gb_train_016237,1,train,251,c015d44bd1f762cdac688d10b8b5dcb6d01d660f0b439956b14734153a74830b
gb_train_012904,1,train,251,04625ad04f7afbe9f6d5768d4e653abf4ee83a0418cedd6ac3157cfd6eb0d0d5
gb_train_025276,1,train,251,aa2b3520d3ea58bcd4721f87adf2ec5d8caa5f47681cb5f02f1f2c35bb9a9cb8
gb_train_017809,1,train,251,07ec8334fddc6d97b678366f78f61496dad24bcb4f46a3763f0ebf6a73ef3a0b
gb_train_018055,1,train,251,429fb827849e3581efd9a4985543314bd1544b0eada95c54844adf1fb82ef3d4
gb_train_016392,1,train,251,c98ddfe2f8368b91bdbd0de075401e0a5c7ca59872cf74f7491e9b42247d0477
gb_train_019869,1,train,251,20fcd0c209481c636260c508e5d65f2069607d9f1269bd6feca875b9650c0c1d
gb_train_021396,1,train,251,5142d3ef58aa75a12834f20b91e1413b325d9026b8b002d591e1342bc7ea002d
gb_train_012449,1,train,251,bc8a3d69ec3413da31297cf30c47f258c47756fe46e5b68bfd79e101b88ebb01
gb_train_020939,1,train,251,1f4f49412df9300b56efe28ad4cf91ac3aca6d11e109438d1b7ed4cbc4827b95
gb_train_021387,1,train,251,9f82687c549f6229e0492514bcc0693fe78385ec68f33d56d98e48a5334ab406
gb_train_015653,1,train,251,f772a7db395e4ac87238051d84553b28c1daaf5f64a6089d36515584f3c57844
gb_train_022181,1,train,251,8e3f2b348eae62ffecd27ea39fd32f0ca539e0b98694b0eb02a2d5f0c05fdd15
gb_train_026252,1,train,251,65080f5252fd7c2ded3326820797cb49005aeb34e7c57e95851e5785fa2bfe69
gb_train_018327,1,train,251,8eaaaf4ec62aa4b5dcfe3478db8b13baa0895b5951fadd1cf36ff7207a91bf14
gb_train_017606,1,train,251,2cc306541b7ecb7d05b85afdd31fdcf90cba79f621f32f4143c03344f282e639
gb_train_024450,1,train,251,b84e95cb8fbc250951238d436e4136ab07929d3d5a7b67880080fd6ae050bc65
gb_train_013958,1,train,251,c93318ff32df094194ac0875bb3a5c0bcdcde986ae21ab608188ad6edb1cd33f
gb_train_022813,1,train,251,ad2f8ff3e18fb129f145e2f5c82016c883a45b7ec709087d8d727dad58c15060
gb_train_021991,1,train,251,7900bea02c9b0276d735056548cb309d68f1862884e7fc46501535d83bcd7858
gb_train_014821,1,train,251,394dd9d12b1610066146cd0af02516d6856b38ecbb14124c812cb17857a8a35c
gb_train_015783,1,train,251,9f8514cd4efba17849d6cf353d15cdb5c3545f2a724e67d0d88d8ad95b5155e0
gb_train_017088,1,train,251,97c059d9ec6f5def2d7e789a5b587e09ee3ebcb955d8cdbb252132eadf113b59
gb_train_026334,1,train,251,2df1b6f5a0cf1f47511e0a909e9345dcc2a736165a59df4f02500ead027b2195
gb_train_023070,1,train,251,388801c9711a901c4af4cb91394786900fb39e827be05c28dba576551a61dc54
gb_train_012979,1,train,251,fc991cb402b35508e66934defacd63838cfa4c20841dde63df7e835e5674e290
gb_train_021653,1,train,251,aec5d8d4b1ae5b2ed9cd77fefacf785d6a30aaf33b2eee9d23b569a9d21e742d
gb_train_013601,1,train,251,5d8190e31883f8ccb418f916f49f7c5549b52f65981e26b58c3ede65160a2f8c
gb_train_021789,1,train,251,a7edff012d6cf5bd6cf65c5c528b034f7e1c909955b17472eee7b6c17f9e1efe
gb_train_013882,1,train,251,baad4ffc01fd2582c9a3c162a2acdc9ccf756905736dc729f8333e5e6a7bd5f2
gb_train_015948,1,train,251,97fbc1cb76fa2b728117e36e4955ca9b43340819f0ee712e23a7e2c683c94be1
gb_train_022734,1,train,251,b9cfe7e7de69e650dd12a04f865aaf8619ae0809be114022dc35c47132760af5
gb_train_013928,1,train,251,8de09615c42edab98c429b1dc2767772377064d2c0a9ca6b7a5a660cdf1239cc
gb_train_015153,1,train,251,c625cd2e0568d1b59e2ebeb114864c52c7dd2b2ad0a70d41e18bf3334a8158a1
gb_train_013019,1,train,251,b5d983511968692cc5284ac141daee1e7453525a92ce5b90cb9123dc12198f10
gb_train_020343,1,train,251,2c10b7f0d6c48eeac59412bf268d324b49cb29107fde9c84d16ccaa2205a1f00
gb_train_013927,1,train,251,8b735c1363799f8a666aa5c82a1aa90dbe32c0d916fce38b14583e201a401496
gb_train_014813,1,train,251,b6cf11bc451582d66d64a11986f53a16a167e2a68d3344ab00bc84d6d523d72d
gb_train_013964,1,train,251,309aeccbaeefc9dce8f079b555ad5712adb662f519765512b132c774c32c5b7d
gb_train_018093,1,train,251,dc623036a577aba499c20399406504c1d296cf21ff53fd7387cafb1108d6808a
gb_train_020555,1,train,251,19afdaf21e165e0daa0b85b5569696dffb4fe13fffdd606d53b6ac03645f9b92
gb_train_023649,1,train,251,44fe6dfac25dfcff092b6dd2cdad545790e61efa0f1c830e252e3b2f414c6ef6
gb_train_017462,1,train,251,046fba52e46206f96d6c5d24d4d2d8201791907f92da7c38388abaf721def935
gb_train_023920,1,train,251,999cd905d8685212081b56a9d71047037f977c69778db646ba196fa4b0886320
gb_train_019427,1,train,251,9ecd6342eb27cad8748fffbbb0504e47ae59be95abd239aced07f5900e022e75
gb_train_014142,1,train,251,52aafe468063e534e52a2720eb68f2b9e441e764b5ffe127683a11b1eff4ebe3
gb_train_014808,1,train,251,3e2fff3743e4080fcbfa9742714767027d726aaf66660fa433847a41dfc34aa9
gb_train_021527,1,train,251,41cbdbcd3f79a4c854bad040d79d7e0ba042a62ef2e9802048b913c7a4b2bddf
gb_train_016608,1,train,251,2e39168af5fe2a6aa7fa8513d88cc3a49cfb712c568d6a119f0223ca7223d554
gb_train_014154,1,train,251,02ea3d12e77f5c0f4f2aa262319be85742cafac92bdd73e9d09804d7b8ef0fb5
gb_train_017044,1,train,251,977a3e6cf97bd58448a0d4368c16c205db2c8b2dfd33745fd53bc040dec59f0f
gb_train_012362,1,train,251,423af987533bb00516a67f083da10a6ecca1498d8b73c2efc481b6f6097f1953
gb_train_016317,1,train,251,ca802be916c00d91a16233f11cd2fdc2ec3be5d0265023d97ff1b3449e744432
gb_train_017874,1,train,251,3703681c6b05c237a25d820eb22275f24382eb0059f6532b3c7d8626bb65342b
gb_train_024575,1,train,251,9420b8b599bb9bb76738586081d3fe520519ccebc9c6f0c69ba7c3d577c8e554
gb_train_015182,1,train,251,7eb51db8e1907df7b5e35190ff017be27fd98bc76cbaf4939dc90844b36dfedb
gb_train_013581,1,train,251,21cc2dfc53939409da4c9e97babe05578d035e906ae5e45147b61f45e3720590
gb_train_023047,1,train,251,deadb11df56d4a00384ff647a708cad71374de25b692243ebb6411312d462b4c
gb_train_018281,1,train,251,87ca9276f4098aad3e7add4e83efd181f0c3e9d53438a3dacfff5d1fb35fd0ed
gb_train_016104,1,train,251,57ba14bbab59482d7ab021dd5d419dce8d96f6bd06ed3f056d6d374bfefbb742
gb_train_022854,1,train,251,a877321189270c760d59866822e466325d976209b2c2aadda310a029d5d471c4
gb_train_015377,1,train,251,db38fcc94a107bafc272a9ce5de8fe9875a5e8d5f7d4bffd86b41cabffd1f8f8
gb_train_026478,1,train,251,f7a81c3be794cf25ba95c6f128de6c7ef3bcd1ecf797cad1bb96f1c0c460759b
gb_train_013872,1,train,251,84d7ba348b06d615e8d996baa825a62254900496dbd14788a8945cadffaee8e5
gb_train_019541,1,train,251,8232697591e81321edb85fadb0eb932267bcd553fa2427f14f742055fcc003f1
gb_train_012695,1,train,251,c8497bbb447dd2c03450924b8ff3ca2eb46f40402aa271442ddf4c5d1b028a0c
gb_train_021409,1,train,251,e094c6b0044db6d0c68af5d444aacc01b75b6503ae6c85cc78309b83be41ab1f
gb_train_021201,1,train,251,f037e396850498892006dbe8c79b15b938624f98b2df10671bff11ecdc59c9b0
gb_train_012604,1,train,251,362747719ed574f1b89fe474595228cd5b266b92cdc0d515b712ae2c8ebe7734
gb_train_014480,1,train,251,c108877022b79b8cf207f88834e5ff2dc188036f4f84f56ad14c6111212fbeeb
gb_train_022343,1,train,251,7ae61fc08e0cf44556e92dbe69da702a1cf6ef1850d332be3d76e124140a41c2
gb_train_023689,1,train,251,5ddc8ed9e23f906a7de74eac9bea015a26e7f931223582e8ea9114343a176299
gb_train_020076,1,train,251,a9e680ffab902092489fb1c4387ac7b43ef5724cd339d653ca8c41eb734fa6c0
gb_train_022357,1,train,251,b20231e1f02fc0da8ea1acc7a1e5924bdc59ba02a4909972b03edea7ece9780e
gb_train_024811,1,train,251,19f451711a5684f16b84901e6634ab1246ed6afd2423f715c0912c465eb32c44
gb_train_015572,1,train,251,990aaa3e399507270e51cb7554b0aa0f351e487b9144f7483ca08d6f0f21d63b
gb_train_025543,1,train,251,0af03ceae6e33ff30041151b42b9bbec348603b638f87a652aa4e3fb4c74d63e
gb_train_024244,1,train,251,fe4b6d04d7f380d23acaf2dd70d066cb338284adb079e79e6abf32dc8913eb66
gb_train_025538,1,train,251,f00a4163ad0747ed5c4337be45eb76a6525c3e3e3afa1a838cc07dc680d53722
gb_train_018701,1,train,251,4057a388f6108ae608345ac5c4ce8e2a5b3f8b58a51218577c53254b6e8d8821
gb_train_022473,1,train,251,98ee7d57833e4aafc2db504329e7392737781731e9d322baa3413cc373c46d30
gb_train_018756,1,train,251,865958086f6f37b780c4a1581191343ce6a57b7486ae9bdc7b42b35565cf6190
gb_train_014199,1,train,251,b72d29ba1b8d2e231bc51da4f93093894b5476e50a5318f394747cb2fbc20dd2
gb_train_012882,1,train,251,172e37f909f541814472639806f1ff2015e2c5caf575df38c1a29725ccda7802
gb_train_025002,1,train,251,ab76b9a9403fc6c4cb6ab9fd2d74cbf767ccd6e9ec8bcf751cd2252e225d607d
gb_train_023039,1,train,251,fad1a54ef33927f533a0861fd3186448f3c75a926151bfc9a75330ebb2272884
gb_train_013647,1,train,251,29953042e3c52c0984cc9c40bf2cd9716879cce849a920d8d8137fd55b07c33a
gb_train_025614,1,train,251,f80bc2b5fd315dc85264588db6150111e408099d18a06bcad6f44e5eab2530e4
gb_train_022723,1,train,251,6da0f8ecf9a4029dbe76408a9501df50cb1b464545ff429492d1f8305a591582
gb_train_022449,1,train,251,b14658b6756bffc8b3b1d40e50e9cee75d9993c33b42d81ccd4ecba77087bb9e
gb_train_023116,1,train,251,18ee74c75b8fb1e290aded24b38e287a5dfe64bc932bd87cd748e1362b24ee85
gb_train_012587,1,train,251,11691d45555d1f15e68224f2433527606db3aac73befb1ee95d88483551c82e0
gb_train_017746,1,train,251,8e55954d08489bb62f47282146bfba84ed77a7aeea8ceb9966b83b992270ec4e
gb_train_022311,1,train,251,3bd714bb34dabb2aa00e165420d359ad1a11f55dc8ce020d39221c4c296cc799
gb_train_019377,1,train,251,6a97fed29261e02fda0811e4c791b0de35a4d7919e2f023f084b1cd4f8a41bfb
gb_train_017584,1,train,251,5e28af6fed460ecc188b1dd8fa7071a0700342f631e36cf3985129cb16a22886
gb_train_025852,1,train,251,560360df8e4c23fa90cd6031133ac7d3175a63658fe584c8fc166da1301f3a53
gb_train_019615,1,train,251,a81aa4180455abec5f8cf00c5059f30ddb5bc35b4e4368f24c58b767da73b14c
gb_train_023960,1,train,251,98567f0eeb1a243da1fed0960ca36bc1d2e97329225176204432988a775db119
gb_train_022101,1,train,251,d33dc029fc6bd8ae3889bfc6b959664c14fb7152bcdda1eeb3c061285966e2fc
gb_train_014269,1,train,251,c115568363c7f7d9a58bf8ee115178e01ad19e099ad3753e066a72bb5a37f16e
gb_train_012535,1,train,251,632bd3c6ed94abab9041d58825c06063074eaf14fafeb9908d76b50ad5e0544f
gb_train_022643,1,train,251,46ab01c673da231f237a809e236f2ec262f59a40f9bd6464bd24b8d51c397dbb
gb_train_023586,1,train,251,57064b4b9eb30512d43ccb2b43f4d01395a543b7673002fa527bc226d7822637
gb_train_025067,1,train,251,68210deffab6cdb5ec0b019abf46cebed21d02dc5019f5da2a9c8cb2a82c15ac
gb_train_024644,1,train,251,d3ea5b54cb16c58d5319027e5a6c90085a04c290dcd773a3fed31f998ef7c5e2
gb_train_015460,1,train,251,ff003cbd3efbe62ddcec0af5e0afd2c1a1318110605f270c1c49191c1235fdc5
gb_train_012776,1,train,251,2c35886f23901ba4faefafdaa968e5ed242b5ecbafabff8ffeb4e88936f91fda
gb_train_019237,1,train,251,815bdd90f01a4865da409e7b2bfa9a6c6cfc16aac06aaaf76359d1ed49b9e30b
gb_train_013912,1,train,251,b9615278ee109b5809a5b3e3da64812929f275a707a37b740b4cca5ddabc1ffb
gb_train_012430,1,train,251,6e6a9a5fc976929f538f4ad114a27c77c11149a9f9ffd95bd3a2a7a39eb0a121
gb_train_023472,1,train,251,d4cc8fdfe1be75a74b44885ac78f22631ab6374bcd4a21db068b587754de0c9c
gb_train_012421,1,train,251,69cbd2447ae01309c258824a9be90cce0e0753deadaabcced857794ff0153aae
gb_train_012883,1,train,251,2f7baec66e6ffa3a6ab683b1d6bda76a299b3801a68297d28d57492674dc5bf4
gb_train_021780,1,train,251,835b7204fc982e7abe081f9c818b64bb7ac4a974c362f9787fa573cb99bac556
gb_train_021927,1,train,251,cafcf44e280c8749ab8bac55a6ace8d0c42446f7a581d9192f8d5594fa700f6d
gb_train_021354,1,train,251,b78ff8172edc76bd3de7735f5023c57cdb127327d2ceb99d044f1ba1c34a27aa
gb_train_018472,1,train,251,b776ab8445b6f8ce62b8cd12b0f34d2d785257e38eef5b9a1c781d29f5d41615
gb_train_026861,1,train,251,6a9651ff39e47edc18fa8a03fde7c23c534925e3ab9534a8137728833f2edf75
gb_train_022563,1,train,251,729ab61328ba15de99b8ae48cc41a7d1990592975e2408019aa8fd3b139936e9
gb_train_017071,1,train,251,0bb65d132d6433a149310b81dac8d950492323704bb93eab294e82e85616bb17
gb_train_020476,1,train,251,28176ef30cb5b91fb51aa93cf75cef874e53a7a7490791efbedda934a9f503e3
gb_train_018571,1,train,251,16eef0f6da7ff692ba9d0a843630d1ecadde77ffbba8b7c92a074d41e965945d
gb_train_023348,1,train,251,16ccf45294b55b31a49b0816ffbf81aa87d0677ef27a334c0e4b4d1920c656b3
gb_train_023710,1,train,251,8977fd35bdbd3cbb88c41fd290f892f08c944354e715fa7faee80f5e494a25b5
gb_train_015488,1,train,251,34ddac19f342d8bd243aac57546b2ec8114940cae6dcb59180cd77a7835a1c1d
gb_train_016078,1,train,251,ec1724de0e9642b7cabc62f28fb882d3171418656dc8bccc36f225fac89d8a09
gb_train_017449,1,train,251,c572c7dd4158829a9080baceb73cf1a3011c955170fe529dfbdde925815bc20e
gb_train_023405,1,train,251,587a65e952e4ffa8a59d01b6b9c409592361435dd76a862cc458c0e236b299fe
gb_train_014735,1,train,251,42feadc6cdbb5c14de2977f10021bdc1661649b1eae57fc19cc20782fec22aae
gb_train_023071,1,train,251,5246d8f0a747aeb5b6c6a134c914aa40f58060430f8dfd2849157d41eb10a83f
gb_train_018054,1,train,251,04c393cf9eb4ba338deedf951003ed7da73728206d605bbc38fb3e8b3008c0d3
gb_train_026711,1,train,251,4eb1c64dc906368cbec58567bbe7d58152b7bc273a1f83c42083a3ba120d1115
gb_train_020574,1,train,251,34a66c3bf08cf089dc3de5cf3d79211bbee25cb29237d3f0efd96f82ee7d4f5f
gb_train_017190,1,train,251,768ee3f1670b33ffce07efcbba196804307841982b27b5d4bf0a3914d48f5d1e
gb_train_015150,1,train,251,a6d2d19b8f772625f29fa09021b615bf6933a123e70de89830bf20fc389cb441
gb_train_019518,1,train,251,3051be32850cc56aadbb35ff760682667b90f243224d39490afbd5c428fba74b
gb_train_018383,1,train,251,c1a8b1ad3dc3036f578d352d79f270ac8efe0ed5c12d1caf61aedcb2563c39b4
gb_train_014259,1,train,251,3d521a92c04cccccddd7f8611619a30a1e3f744e3e5c86334e354c1438a67e1d
gb_train_020450,1,train,251,f2c055fe507d052914b8b5d0b349960023570c8d054c96db4760981e6bfc5a11
gb_train_016815,1,train,251,f5d6b2de216d25eda15bfbd6ceb5bc27f39d0f35774e1dbb28c3c0fc15d09ccf
gb_train_026093,1,train,251,12bff9f0f24b0e96a7255108c8c5628be6c22bffd92bd63f7e99035c741111a1
gb_train_014157,1,train,251,1080595645301db6d28d1bf4ba7f8f5bb216c2b011e4235a47d08d0ce6e503ff
gb_train_005680,0,train,251,9df5b92b72dea63352a55ade4c743b57147314f617572c307ae95ca4b11a4d17
gb_train_001433,0,train,251,f1516bf34bd9b65086faf6a8f1e1ac6b3891653d474e3f0e9709d2f124a2b566
gb_train_008923,0,train,251,ad950a6484c6f8acc0423bfcda650fc304a8bfd2ce1b173a2ca2394893dd7d82
gb_train_003494,0,train,251,58ed97aa3a82a80b594fd43484d2206adef6e51862a6de6099a2dc8c26c20500
gb_train_000349,0,train,251,c22af68102da0940a493d0b33a56f138c8bf67c25f39b13d2281478fd0ad6154
gb_train_001024,0,train,251,daec78f0582c2068325b093393a1d11e44e6e0421670ba0dbe788da8aacde76d
gb_train_004234,0,train,251,875c7a6ee65a77aaefd8882b1d6073a5c807c107bfb3e0b70d7121e8266c3210
gb_train_000323,0,train,251,22bc47a6d1e3e4d94e0f61592b73fc0dfdadd024b20a8d3f622c439cf895b2ed
gb_train_005875,0,train,251,8ec68abd1059f37099a4750bdd01650b9480681cc1b0160b00102596e5b347c2
gb_train_008733,0,train,251,7e84dd09e3b8ad022083f397ccea93dc935de55d15348b17922d1edc715f81e8
gb_train_008957,0,train,251,23f761df4735465980e94e6045f9aa2a7b0f578faaff9af7dca94916d06e2784
gb_train_003756,0,train,251,c43c1cf7b824430db916aab0d83612842633f4ec34f694dafbc24d6c5ff17a12
gb_train_006848,0,train,251,7709f6e3cfc5996ecaec6bd7464af4ec4666be81fb445ecc5c3fe4a0fc4d70bc
gb_train_010185,0,train,251,616a52b26beb003a5de6b0c359e21539b11b355bc619a624b0eceee0458b805f
gb_train_002435,0,train,251,3599d6b6d1ff55fef3a26298d7fe52a92972e2708b5d42886ba38319ab2926bd
gb_train_010416,0,train,251,723a2f6462564a82e5110fab657d519a7b84d0bcf2d4a3fd7489a9147015b129
gb_train_003846,0,train,251,c71cd662e5b7dac66cbd891873ec107d5671ae8ca9b817fb1bbda6c71b988a95
gb_train_004589,0,train,251,7f74911c36f74e83543e38e52d32de361059dd8746b455f5511d0bd0580ab212
gb_train_005039,0,train,251,5548971ede7267434b3532e16127d0764e5eab3baa1edaa3173beb53fba305e8
gb_train_010090,0,train,251,f6f9fd91e72ab6c290b3c8bfb5d46f1c5136c8850484ad468a91b47a13f87bfc
gb_train_009885,0,train,251,5b177e0e2cbd7f8ecf18ab6044284efeed928b5e06927aa7d3689d2f2a885f2c
gb_train_007681,0,train,251,641b483661589db99be6df211f902c0b702b83f775195d866665891097021e0e
gb_train_011421,0,train,251,3568780c378778b506e9bbc768d4525aa8aee30607a6dcac7a548a622c53fb62
gb_train_000796,0,train,251,0cbe98745b5c6a3250b227a785acdfe3a51e7e779bb0aca150a067b930ae4f73
gb_train_009569,0,train,251,38c629c84a9233580bcaef4e32079e46bbb0b8e0cec3a5b7d15516b52b9c8aad
gb_train_009252,0,train,251,7e3bbe37474c19f939980d23ccad65358dc144c96800005c2cb70df1eae4d22e
gb_train_001618,0,train,251,8a6c3a6b7132d0744d8ad36f50079a179cc24d810101852975d8cf5736d316df
gb_train_008098,0,train,251,c27abb66a74902bcffa053c7fc123cf6ee9b4644f85736092cb78239bdb50e22
gb_train_000559,0,train,251,c7a5b6e01a3877f01cc352c37c49fa684b44ae30e659815d98ded54a21dc133b
gb_train_011669,0,train,251,37581717a2d349c592e6f5390918dd61909489a2cb387f170ee98df00fb4ec55
gb_train_001734,0,train,251,5b7c5e415376abfbd2409347890565a37bc35da523cf81add410e3615748b4e7
gb_train_010230,0,train,251,59bf2cb3560bea84682e6a39153dccd4b8ffa34aea83f385269b1ca2be6970f4
gb_train_003999,0,train,251,67369cd5a827acd2975b39241948e35e8ff2b614f3e3dcf5fe44e93776939442
gb_train_004141,0,train,251,d35653f60af371bb080f19d1268d766138a4ee3d714404d0ad1732e1d53d5518
gb_train_011546,0,train,251,f8d113e73339090cfe796676a71cf220a231a46ed6f6cf0f69778edd70591156
gb_train_003318,0,train,251,4c587e1e1667ceae250bf5e8594e611528ed85d9c99e8208b133c1120cad5466
gb_train_002684,0,train,251,ba1a4ed058f229f22bea85627e8a15e9b0b8e0b41b708ac9b60d4943587a0571
gb_train_005741,0,train,251,5b1d028545f4c0e8fe6cd31d13b74a31db62e27a57723a8216320494dd955468
gb_train_009305,0,train,251,8cbc396c8e84d838a086e9552e1bb1376b8041243e6932b169da60f439f6c75d
gb_train_006571,0,train,251,00094b3838b6140bd1d4b546d331595b0d07226bc2e395cc3f339944dbe13d15
gb_train_002596,0,train,251,904db67dce2afdfd3cb4630ec6e924c564968ba955ed057ec3360b322fb12832
gb_train_003784,0,train,251,e91dec2b60f94e82997aecb113b1e692ef833df175a5d46f6650977eb4373183
gb_train_009572,0,train,251,22faa75ab0401a9b57dfc0a8fa83ac12247a49207cebf71f9664cda045978fb8
gb_train_012010,0,train,251,2603bbf04e0590e2a2ba847b6cf3376311c7257d44be4bfbe8e21d1d62fca831
gb_train_011541,0,train,251,01d6271c57e8a308cd6b77f5275b711506276e9fe30ae34d4e60a5d22d072214
gb_train_003407,0,train,251,ea676adec8b794d23b0be68b95b9280346a931a4c00429b6cb9a3795a1ae75e2
gb_train_011842,0,train,251,fcee13f3a0eca4fb3d61198d337b41c2c047e940dcba2da213e21a2e93252fd1
gb_train_005584,0,train,251,d69c5fe4d95b0a3c4209eeddd7e173a94743b60af1d466aa74ec71081b27c14b
gb_train_009122,0,train,251,c3ec5dbbaccc5e9a03474e99f1ffffcd73c48eb10d3c40f9c383b2fe4f6047d9
gb_train_003015,0,train,251,4be6acad00111f349221c91cb048df4f50946686a1ee3a7363fe1fa0080e33de
gb_train_012015,0,train,251,63a32c9717e4fde5082acd4f6ecc335764d99fd02819286b255aff8145ee751c
gb_train_008472,0,train,251,c2d2e085fd151fc845f13767cf605f964e351ccc6dd2e086dc030672de0e8b35
gb_train_000521,0,train,251,b4f545ba11bc6248fcf4b42893f686cc2a66a7e88d5c9d158794ed8c4dea6e63
gb_train_003652,0,train,251,b0a5b115c714fa22f2df87c3a5080026cfac74a6ae56c1617a9cccc0ad701533
gb_train_002583,0,train,251,419d879fe5c5a572f2c30e374680c0f4fb3948e7258e4e1747e11db1bc66bfad
gb_train_005867,0,train,251,5f996bcc31e16c637762a783276a514e181909847e104aec6926af870ec0eca1
gb_train_005485,0,train,251,639faada455bdb4bb5c03dd43fbb3797a8bf2f53af3cc6e6ed31caafe1f3a651
gb_train_011971,0,train,251,8d6742fb239eb69a474aa37ff5caf4db5e3abbe0ccc785d4c166d06d52113624
gb_train_009057,0,train,251,7ada0d6ccd838eaab9db3a90b96b82fb25a1eab2b309a4a5940286e7e1ed4e2f
gb_train_008378,0,train,251,2014ac21dbafc06795abab2cca27641673b1cfcf74a18739a57005831976538d
gb_train_002511,0,train,251,70088d532ce9b7b76c9daf85bee817d61becf39cec21d2c033df6f7b779d3a4b
gb_train_002574,0,train,251,244294da2ab0b8d5c350b801d3fde187838dd5b65c35c8c409df20b52a025770
gb_train_008989,0,train,251,a66a28f62915c09491d20b5bc5d75d0477751e0f13e0686d8e9314462042b3eb
gb_train_007472,0,train,251,60e74f3f3543134c3a345f3505bd13dbc4035febe46f14c2144e18da3db64a43
gb_train_003946,0,train,251,26ed1b813ba426bf1db4d3ea504ad3636e965bcc65df902f78a509d77f03a758
gb_train_010857,0,train,251,53bb4a60fb1674b04b3c86eaea9d3b26ab8409db3887c142708ec4a0f6481bcd
gb_train_009181,0,train,251,2c10d5f158d41842bd59df3a5051f3185f503d607f84418510640aa667985edd
gb_train_002419,0,train,251,bb5d61bdd9db954f5c7821eb92606d93337d2cbfc6150ae703ddf8de490109da
gb_train_001306,0,train,251,9bae264c4457f83de8117fc4f38b34baa0ac457ed212eca5de1d3f1cc270a234
gb_train_007924,0,train,251,8d687d6fcee58f0a793c1093bc7d9e2782bcf967ac655a07c955154f433125ff
gb_train_001105,0,train,251,7ae775ac7812451d09f84e024d85d9098f45577abccb6ab7fc2acf173ef177cf
gb_train_000390,0,train,251,1fa817e5b5f00685e2bdb8e5b644ed6747d4c49386f17ce1875afcb99bac3cb1
gb_train_003414,0,train,251,c62be72ed1514b87bcf64b174aee131b8abc9fa9f3c8a5443849f5859bcdfc20
gb_train_010425,0,train,251,294009b42dfe0ce96f8335d1a940dd0b92a18c259728a815889aec8368d265c9
gb_train_000232,0,train,251,cf268a044ac604e9ebb93a718453953c0a17e873e7ded8063ce28069ca3f652e
gb_train_007836,0,train,251,4365878344b80ecfbb974717f8683ee05a212a66a26ada6dcd13fc40f19f7b82
gb_train_005496,0,train,251,7c8d9f466284e5a24c7a44eda3d4234dc9a76f8a028503aa4e6ecc0ebb98ad5c
gb_train_010597,0,train,251,d359edca817107262ab370dbf68b92209849da0f4d89046496cfede18026fd3a
gb_train_009489,0,train,251,6d6c7e69fe4ba8a78e21dcb3eb14de0055b957024ad1017ef69341d563b266ba
gb_train_010500,0,train,251,936b6bf21eef25b5dcafdc28f8272db1031f3937af1464528afe8ebd9aefe922
gb_train_011689,0,train,251,f06ffded2f08ddceaa65074731c7332947bda0df260aef643540b27fb48325cd
gb_train_011140,0,train,251,93cbf7a6196ace460abfadb4349b93902bc33e8cd646965de8053d9029807e84
gb_train_006004,0,train,251,0dfa382097dca906ce436d5ed8842a4b0a37375e629c4b6fd9c900936c97330b
gb_train_000086,0,train,251,a2c32bf94003514979a79da76b0aeab8547f0ca8e0993301f6906d43f9477b9e
gb_train_004803,0,train,251,d2bf3cfef5920e930ce84793cb310144d7b979544084e24847f75ed1dfb42dc6
gb_train_009733,0,train,251,003ba47a7e345fef9a08b9ccd03210b65ad157c547fda12aa5400db3acbee077
gb_train_003702,0,train,251,72b322490952f83a91da0687934d40bf31da11a66a658288b6dbca94fcbcfb1a
gb_train_010506,0,train,251,bad32b31c76e4847dfa61f44c43734a215ee72f104aecb09c8df569a98f3ecb2
gb_train_007007,0,train,251,feca803ec978f0f5e85e32f4e54306f51c9f939d47f68629ee138b61156dfbad
gb_train_001611,0,train,251,ea0e56207b9c0ec9c74e0602da9fe54b0c8c29dad1a6b8988766eab4c68d6bdd
gb_train_009185,0,train,251,aa116254deec7634f6d72f9e3b55eb1315491084c8fc427495408956d4ba5426
gb_train_007557,0,train,251,bb2fa7cd0c914b8f0b0a5d0c069db379a4ae242953d996c210fb8312d72d8962
gb_train_009982,0,train,251,73e9824130d6e26db8300806c6b5d4fea8db1fb9a80df740199034aad940fb59
gb_train_011096,0,train,251,d6588bf7e5d151db42dbcce9f5173440c9dbc5df4d4da9a8502266674231a0b2
gb_train_011886,0,train,251,1a8d958c6b94846bca367449361adc1efee8344374aad98dc23bf1dda30e466e
gb_train_008526,0,train,251,2300708ec0dba1bb97a70814150ac5f6199b2a41028fae335d4c7a57d709e535
gb_train_007948,0,train,251,4d876f9a791fe36392e86b1b96543d657f63ae91ccda867476341ee0882b2c78
gb_train_000961,0,train,251,4c7cb6402c38f1ae06b891021a2f6605120c14f5ea78dab8c3268f44eff6f5b5
gb_train_012187,0,train,251,e786e6420628a17d771aa9df220a44d785e16dca9dc7cba5c691d0d13c5aeaf4
gb_train_002293,0,train,251,3f395d957dc616350e4b58da37f04a3f797bfd7d25a738f8719b433ddb8292a1
gb_train_005004,0,train,251,068f8ea7be0bf87b02b917bb5da9fa15ea5db7ae062d5bcaf2e7bf45743a0aa3
gb_train_004926,0,train,251,144ea4a9426f7a88f5159e97ea33804a1fb9089ee9a627e5a00d0e4c4c949c95
gb_train_010779,0,train,251,f51feb87a854eb6655575e1c625b51b990daffac982fd4050875baf70c9e1eed
gb_train_004821,0,train,251,44c2383da7553773427658efebd91e792c6b71e5b0890bb702c140d82459fc69
gb_train_006313,0,train,251,b8f5315fb9ef2b38d58e5847aa5434c5ed69b36243106d4380f7bdfcbb604637
gb_train_008460,0,train,251,c9836c088f72611e6653d651ec293735dc0e2d1b22cec4e4c3a7ae26fd71868d
gb_train_000240,0,train,251,02bb26b22b308f03bc7382143bb1996de5a544f527b60fa248a948c8e5683a71
gb_train_003137,0,train,251,05685aed5bbda496184722916c079c79fea4faeef97765c7491c91d7b5e3889a
gb_train_011504,0,train,251,f62c3c35e8978db27e115f1201288cce48147bedd1b2c126112ad3e138b2e03e
gb_train_006730,0,train,251,c3c1f1c94c1f2f9f28c58f989dae2597fb4cae5672cb619945594cefacdf71f3
gb_train_000594,0,train,251,935cb3f93e4aeae5d264ede4c9c7dd3a4d8bbae541bdbee7ee94026efb8acda2
gb_train_010936,0,train,251,10e64efdcb7340a5d7b1c593781eec7ae14946dc57f94f54f6664f865738e7d9
gb_train_007556,0,train,251,0311de06da3fed72eb63b4bc6724e7bb8061fbd70afdc692257dc6134738b43c
gb_train_001730,0,train,251,9aecbc7ad3a6c75ea07bb3591a1f9dba4c6b6520f3c17f1632168ce5f09f6eea
gb_train_008121,0,train,251,9150bf93159f4d29be187047f67030c02ce5b436e3e7cba48069e12053c7fae3
gb_train_005344,0,train,251,a7f7518387f9c0f3dc98d63b76f674f03c862e14f702e437274a2f721632c00c
gb_train_008543,0,train,251,cf53835a766f35dc0b19713a73426e260b4b094e73a4b710f5b10b08960ef893
gb_train_004135,0,train,251,9b93a599cfae0a133f6e1018a975019f276308ee34f6319a3f83f741e6d6cca3
gb_train_009907,0,train,251,de17d269f25fb30c4d76be097569102d5901f7a35b1e41b21fa8dfb60bf2ef6d
gb_train_011149,0,train,251,f576e9ac75e02ea3f7819e6fed0c89484c206f2a3854564a27b111184ed7e84e
gb_train_009715,0,train,251,7a53848362aac9f975ea93ff57f600eb769f90142f14215882cb91ea6450bc5d
gb_train_010048,0,train,251,25c3f8a79252403fa715ca3e0b18068a624250875eb8f9a16eab31ee2d23f763
gb_train_009482,0,train,251,e8a10d185976e427399f30c5a1b23ea871260aa1d760b5b67e52fbad6116a29d
gb_train_011758,0,train,251,e06944763166ecaf502dad7473f970226c6605d447765dd54e69de69464bfb23
gb_train_008628,0,train,251,fcbfc4de06211633017ac9e6441c1470fd5afde43e6817ff6d8a4ae583ea7589
gb_train_007992,0,train,251,ce978af41fb45151c97bec3bf6fa989fc2b03f410ee3bb85b4eb6bdc3097664a
gb_train_001940,0,train,251,79d3baa77ce3510b77ec8874206cf4af09cc1517372599a8ab9310efcc82a3d1
gb_train_005234,0,train,251,12b6cfe67c2273a66bcf37b709f8258e1ad3ca37f6b1c66d3de17a19a689ac16
gb_train_004219,0,train,251,1b13705ce80ce2ff54bd9fe78295ff9ed0f28c00849523b576f938234f199406
gb_train_002779,0,train,251,b0cbd5c45df446ad20a18be6e8ca6f9fdd19d42113e184c4f9876e321a62be63
gb_train_005670,0,train,251,5ecefd98262a07066e9b1abceb0619ff638ade6be16b10f176546d9932155349
gb_train_007374,0,train,251,10f013542e772136693012cfdd30797692fb02b48783d93c234a4a60d4b8f15d
gb_train_001254,0,train,251,ae7d228de277bcffe99361c1e61d1fb20b62499418bd8964147358e6f4a84580
gb_train_006697,0,train,251,06a1d18ddc79c82a53cae41a5ab560c64ff321c4e20bc6f20ef5b5eca8e31aa4
gb_train_008510,0,train,251,c722c39d0470e1c81af47e1099310d0fbab9544dc04711788049f22cf39757cb
gb_train_009548,0,train,251,89f7446724f9c0dfbb83eaffe1b4d3af2772c2ad4e816183e6efb00593536b12
gb_train_001673,0,train,251,51b61a29ea5d4b4dd816ee8da5b047a34ef8c69c81d9bd63e3ef39f1b456886d
gb_train_006565,0,train,251,c769727db149dd8d0121df2eb6a288f49ed762653cc42628813084cb2b718c41
gb_train_001102,0,train,251,2002254d280f1715d60a2fcfc5d69e31120a6524c69000cbfde2b8204c8793bf
gb_train_007057,0,train,251,94786a49b2f7a683605a21474bf2b708f1e5a7df85021187ea8150582ebbc802
gb_train_007867,0,train,251,6d2888ebc6c36f402d1b90ef7ef1c75862009c24b2c17f7596819e3e31c9026f
gb_train_003083,0,train,251,eb438c7d4e863192e73c0978852bc215022639b943d8c14f9540f7a1aa34f321
gb_train_006404,0,train,251,464a4fd7758bdd0a3072c66de0ebc5f959ea2b5018d8cf1c473ed5711f6d1a3f
gb_train_002046,0,train,251,85f569a7492f05942377ba76d8ff2a09f7a9d4a88a685bc1f81c3229e47d2136
gb_train_009823,0,train,251,baee03a0d34c8e25a116dd907e6f8e004ded8bb3f013a4277ea4beab324d94eb
gb_train_006715,0,train,251,26a8d28f045ffa86fff84a1cec74277911847ebcf706bc3e14af2d7dede938bd
gb_train_007087,0,train,251,0e849d59088c5c4a4ddd84d2878f8a96b5646c720c7a718fbe2dd11210fe16d9
gb_train_004334,0,train,251,61b75dde4b358e9d285a51bd2b6da237317bed55d80e1b0e088db37dca07bab7
gb_train_009021,0,train,251,975e80fd7f2c888c875d54b19be8beb6cf51ada07153f842364eadb9b9c66275
gb_train_007691,0,train,251,723cb4d6dd2cf1b05957bc3e319ea2403b5a93ad5ab8cc997c48b7c1e1225df4
gb_train_001138,0,train,251,6f95e18fcf23cd0c288cdf5b07eb9b74b943179949cd6a72b704f0be628bd627
gb_train_012079,0,train,251,de84c914c92429aa7a738eb4c7f24f3cd436ec16b67bf916a179f71f65856d6d
gb_train_005618,0,train,251,99cb783f2447feb8204e94ded632d8636f83892d3c6e7e8bbe76ba48d5217d59
gb_train_002124,0,train,251,fe6b84422cd58602c0a582d8f1173da7432fb71912b58c484af267e7e64946ba
gb_train_005744,0,train,251,7ac64e7d92fdab420ec88a3170867e9a4d3d2ea068e29e044e6dfd16c974a3fd
gb_train_012258,0,train,251,33d997f69d82dcdbb10a1bebcc626ab9e4bed03546a0ee72999cfd705aba5e7d
gb_train_009519,0,train,251,de84fa81177fbe4c6d63feabb893b4740e4eb7861ef00650d5402b1f575030f4
gb_train_008647,0,train,251,ae711492e143c711413a3d6e6a22694540cc6a49833b3c10322db311e63c3c8d
gb_train_003741,0,train,251,d5b911200d825686be864de112b2cfccc96b5aacd5cb53c877c12abfa451c1d6
gb_train_008596,0,train,251,7d3a589901113ce9e637921280f6c16ea6340e2fd65a597a71c71e0dd303c647
gb_train_011892,0,train,251,2852c1d88d93c0514e2dee97a45db7ed1a9f41df902ae169d0b028f734512834
gb_train_006599,0,train,251,7cd2907ff23f1d2f487d1cbc6604e68732538cd4e271d8fc3b15b7e23dc28a78
gb_train_004117,0,train,251,ca89a75f1bd283726e17e98889e78bb559975a000d70fb99c637f3bc08867d42
gb_train_001124,0,train,251,48120a8c47ebd95b3f1651aa54935810f39f4c6e204477565eb44a301c0c7735
gb_train_004272,0,train,251,95a5289fadc073e371bdf5d7d1ac301bb1ab97b3950c1bb76598acf6ef6f64fd
gb_train_005135,0,train,251,b3814a57e235f5a2dd8e6147729e92485c6c74cd8971d81105d90ed1df39758c
gb_train_003534,0,train,251,41008fc16ef3fb13ed454bd5fff57cca9fdc7976f3959d770ee749e931510870
gb_train_000260,0,train,251,333075f57ccd27ff24c3b8bcc373f2819f194311042e6ca16e65f832ce86a100
gb_train_005117,0,train,251,c9bb141e993e1704ca66b3c198a63fbbca16d6075ba1530497ec98fb3edfcd50
gb_train_002431,0,train,251,683a8408562ff1da6b8bbcde5e0ab2c777e9570e6088ac6c468eb4f5017b3e3f
gb_train_004538,0,train,251,f22281e18218c145b515ec0fbab17dd6b0f9a8e88bcc8df55c2b99f9b99dccde
gb_train_012064,0,train,251,eec56e3ac48721948fd57c92356b5bd53dbe107d3942dd61289062673f2d26c9
gb_train_002141,0,train,251,17d1631929b8be8a86c4c00b0d0461f648315c48724d1bb2eedb7d9941531531
gb_train_010902,0,train,251,166af6b3b7be52dbf8d46e7d200bb06a39d143e0460d663aae9d483c3cbbbe24
gb_train_009464,0,train,251,0f6555e9a6192c9b0eb587f1fce733f0e4a16ae24b55e0de4c9a9536cf1a9904
gb_train_003582,0,train,251,f25cbb0e46be9dd81207db55e84c88fd1236152da119a2912958b9c5939f24a0
gb_train_000182,0,train,251,2b09435dea4c64cfaefc2e252270b0cf20acc8a7b021cb74dde8949e29b71f35
gb_train_008546,0,train,251,828b47756438f5c181fd9c4326f42962a67c07bbb8172ccc3ee7bf9c63411bc9
gb_train_002715,0,train,251,380888227fd4bde3a6f7c734a39db78ecb7bfaffba63cba95eb3ab9fae7d5664
gb_train_009307,0,train,251,c17661c1555052c90ab4cf7fc9964d4525d9c3da9cf7a5d282c0bf6108e81e64
gb_train_002350,0,train,251,26f89e2002ac074f899551bc346ae6310d6e756ad6efe7f9ab60614cb6a516b6
gb_train_011822,0,train,251,1ea00dd30f00bf945d29b6c4a216fdfc846811a4add231db2df234e3467de548
gb_train_010280,0,train,251,1c6416804bca0907c80f42fc99c56c64cfdc137afea5b19b252e9ada3d7d3644
gb_train_008382,0,train,251,96a99432a605ebf309349ce0c47db6ad02416da4e0b265da463f616c38e032fb
gb_train_006584,0,train,251,04f52dfba6b2d4daa9565c8ec17a2035471edde823bbf508d0bb02e56aad9fdc
gb_train_000109,0,train,251,b56310dc06afdd27d2a497fe12e1becaf63f666de9d96752741342561ac78305
gb_train_009382,0,train,251,eb2db96084fa883264d568dc9fa6a1cb00f1a8dd9e726352ffe16ba48c359d97
gb_train_010888,0,train,251,3e89a3636a639f1299b002dc3c339c6e42b991f590f888f8fcfc662f3cef8c59
gb_train_000427,0,train,251,d5324c7f9627b125db79ada5c85da8c0a28715a09bc17039025d1fd48e1ca66c
gb_train_007973,0,train,251,efb30d022654e4d2729dd3434d812965687961b9a8e3eb96723add7faee33898
gb_train_000576,0,train,251,03b87af3315e1e3adb90e17352fcc89ef148a20f3c3051cfb491193b1d80e7d5
gb_train_008233,0,train,251,f9f9cac8f7940d7455d7af6c7fb9b1af5344682f7b7caedf421aaf9370e4787d
gb_train_008148,0,train,251,789aeea4555f89af756750a5aea0ef526434e65663c3a4b6c173bafe1659103b
gb_train_009507,0,train,251,02014845fe07b3e1432098640022c8f3a4c6ba8aaffba262396afab93b596173
gb_train_003888,0,train,251,c8b0986436b0d2b9f232bca63f2972f24218b483c49046ec89a4963c1c7fc7b8
gb_train_011010,0,train,251,aa550a740dc5eb5c533cb8c13475d0256b4231cdb0e6db56ba70dc1783c9e799
gb_train_012188,0,train,251,e9e4f7beaa799ca67e03a3684844bfa9dd2fa0901c1bfa45c0856f896847452e
gb_train_008756,0,train,251,b4d300b5378d746cadf4fa16641f2041ab74d69e8d79cf9e5a616fac809ae681
gb_train_002244,0,train,251,b3404ed69f546d04f36f2309b5433f313b9d74667dd78e80d82b6e6e03a1d1de
gb_train_002857,0,train,251,56fc2da9649cf60809388fb01e36a4aa020a672f458deb5cd33b54df5cece28c
gb_train_010091,0,train,251,23d8db06996ce86bc204d2bd8444513f4934659876bce8feef95382ac608bd98
gb_train_011764,0,train,251,15a568c2c6d8999aad653fdea91607507d6ae62ebb9bec2e54a5b119b5eeb3de
gb_train_004022,0,train,251,ffdd7b7a1afdf64cc24b2e45ac15db0ba9eaa355b5a29280e06b1773f975be04
gb_train_010152,0,train,251,f5b32ea5954a91b801dd3a06bde69ae5fc9a96fd4207f2f5c04baad6fc24a7de
gb_train_007335,0,train,251,04e55af0b9dd1a6e3af5a45c32061fcccfdf6f967d05f98b9f51dd0e6d1b2217
gb_train_003163,0,train,251,dc966890b82c42032e3dab54e429a26be1c8f0071dfff36664e59b21a0dd7810
gb_train_003540,0,train,251,f03252bfb71ac92aca3856696080e3b360064b1ea6ef71afeeb3de2072ac0ac8
gb_train_009855,0,train,251,78ce1a25c1678762ef0e28787dd21f7453ba480aee4807e9264ca56de850864e
gb_train_011874,0,train,251,891a89795d5cb7dbf3c01eb8f6fe47ba07e3e21c0cb5042125defa80a4b4cb7c
gb_train_005119,0,train,251,2cec92821272e3e23453e99f4b6c3c1e4d14f9c8a9be1300aed2829b1bab6157
gb_train_008710,0,train,251,6deaaaf76ed1006d68607f6ef5f3a2e7421fc2fd3b7bba7b5a21c3132a248ea5
gb_train_000712,0,train,251,3173e13c70b26858db352075e173e458b4a2b212edc998e28a989ffb24d68122
gb_train_003342,0,train,251,58453e149c88564cc2d2b85748ec5872b1acd7f53e39e919b03b83ff71e19a1a
gb_train_004917,0,train,251,b57454b76890bfcdc96bd357f1547bda747a7f60eca3440a4b3d1ba465d096e4
gb_train_008161,0,train,251,cf1b2f4bff3437b1b529f8ee16ddbb5a212c1ffee0d4aede60ce1acb6c1e61ef
gb_train_006239,0,train,251,ab50e3795f676ac2b8c0630fa099bec0d1685ae8f9ec4e3bcfab2a237963f0ea
gb_train_011342,0,train,251,fc5243049fb74d6ffa9eb9fda72f163ad457d7893be5c126e2fe19db71f6e5d8
gb_train_004147,0,train,251,41f63df1138b339144d59fddcc25c349a65c61bf86a70711483023e706b6737a
gb_train_002107,0,train,251,3771f7cd86999fca0a5de4f91310f09d397b5b48c43d7cf71af064ea9227dd3f
gb_train_009322,0,train,251,3e09a5fe0aafc85c220d2d7c113325a0f75f8ff6e6d0e952f9488867bda0a875
gb_train_008185,0,train,251,5400f62cc4f912b3e351401f51f6f46f973531b6418a7ec37bdb28d3d2675843
gb_train_002398,0,train,251,41e1c045e0110c3b0a63e790c313373e464bb23333584868076631720b7e12c8
gb_train_004200,0,train,251,8114105fb461e9e7fb9d051b20c529e1aa95f5e5a32bc3dd2be7d37ef854275e
gb_train_008347,0,train,251,7ecd335c2ca4cc7be2d5b669c0ecbdb8f8f34c812705257360a74f2ef3960f61
gb_train_003104,0,train,251,53e2a741abbde3c3b3f91a769b775038c8ab7dad8607bdff183508cd7220cadf
gb_train_002996,0,train,251,68ab88805d79957aec1e27cf84cbdf98010eaff845b5df3e637ee8f42253a070
gb_train_009543,0,train,251,e8452a1cff171f0b1746a699295a11487fc25b6ea9bbd18ae293c72103e218b5
gb_train_008672,0,train,251,b7d937da56236b81a259b08b1401b06bd5984184ee076c892d9beff92f2f80d7
gb_train_002417,0,train,251,a5b91c601b6fa352f7c56cf7efb71894ab020bd3fb1f561ee8b073afef86d16e
gb_train_005020,0,train,251,c6bcb30111d6a7b4af13abbddfef1ec88495fea4514e87ccd9dfd700ec3ee382
gb_train_000618,0,train,251,a4d60310168f44780395d4cc75f56c84e760f32bf887b07af13586674c0732d2
gb_train_002836,0,train,251,30fd5b85beede3f1d0f2151688802b96a711b3a70582b01cce2d24a17391f700
gb_train_007694,0,train,251,b404076ac8b73a19a61a2b0ba320942c3ddaed0942efb0cf156d9f61b33a065d
gb_train_000483,0,train,251,41abeb27766a175670556b7ea8005db5ea732b79ed0afa8101bb534882a854ca
gb_train_000252,0,train,251,979fe79fd8308e374c232906be9e5d5c09aec447ec88e6c20027ba621bfaf71a
gb_train_010729,0,train,251,f26837ee36abfb12e803f714a750568f4e70eb3b67cb2da4caf0c782b1b313fc
gb_train_010545,0,train,251,fec3d29042e314655e70bf8d44e385306a99a18d763b03ebffee60760af1f525
gb_train_006098,0,train,251,a7cbe014fcbdcae45acfd7fc8d55325545dee90f7c0ec9f58854f328350ee815
gb_train_003552,0,train,251,868bf369338761babfae8d537eb469292ac7aae2ed24ced462b96ee11243223d
gb_train_006074,0,train,251,323aae92e9503245d0a35dbbe535e0af0e3b911d1df35f0d8cd2a1ed0f60c9f5
gb_train_002111,0,train,251,4166d5aa50d8fc79344200732d708a1725ef6182215edb3c6c42a031a1b609bb
gb_train_009785,0,train,251,18a2dd02d255c04567cee66e73ce24a69c8042be9837b54b68ef1f937c0d38be
gb_train_006263,0,train,251,f1f292f6d77a6a5aa12c083820f9970a32e56768c26494f6c4ce5f02a87b4562
gb_train_000411,0,train,251,7e9a44e174804d3769697eb43689e15a3668cafc05b115a383947e0795070009
gb_train_000982,0,train,251,e8ccddc01bd9ddc3cdd06eeb104b8d5c2c108803273fd832c4f18cab4e5351ce
gb_train_005218,0,train,251,36eb2f20b444c0f300df83238ad38edcea31ef2c2b7d2dbd1e48c37e09767cb8
gb_train_001388,0,train,251,4effe7731eebe2a4307dff18cd26979d05f4cfcff90b12b97880d2149c4afdf4
gb_train_001964,0,train,251,fcf1d36ed428cdf94cf0df63412d89acd5f53da4aef2a4a72aa013a1d955708c
gb_train_000281,0,train,251,c34ff2c64d37dbbac4307ab5803e867eac6862c15f06b4929c1e1f39419d95fa
gb_train_009127,0,train,251,14c2ee25f7f9a5a2b7b985379e2a25abf26255808842091c948b118137185bfc
gb_train_011611,0,train,251,7c387950875744f3ba1c21f2c02b7b2472f0611c4caadb3d7d8b4a6c988caa3a
gb_train_004720,0,train,251,7479694909271dd7baa9b83fd1afef567901c1fc942665998b1347fcee51e3ce
gb_train_001520,0,train,251,94631aa51b314022ab1ff42238ea5b6cf19067ba3a10cf6174fcaab43e4d73d5
gb_train_010773,0,train,251,2b25a564a04c4ac4a89e6c30bfbe88502cab688a75885f93a9978d6bf0838679
gb_train_000670,0,train,251,2c10dd7427677584483eeb774c3b573e5673ba20ebff2e5179e30001676b4ee0
gb_train_002858,0,train,251,2626b8893fa7c682f1cb0186e735794d6851efedfb4bad1be9e4551d8586f437
gb_train_005017,0,train,251,1b0b5d1f15363c8b2bc5655ea4c8389d2e95c68074853681c6fc4dd74bf51065
gb_train_007904,0,train,251,764f361fa8c0dab27940f9fdf89f1408a00631e7842ea9e50acf043f79272bc6
gb_train_011745,0,train,251,c7b3066045deff7ccfe351a5dfe2d5197a9a664cd5e1a53ab95a4f0cf201bd28
gb_train_008281,0,train,251,1307c95f5601f4ac7faeebf18df84339d76f15f2556ffce995ea4c8f95f83ecb
gb_train_008558,0,train,251,ad1ff6baa66e21507686d44b744167e00b151f531e3f6b8e4e44c710222fbac3
gb_train_005652,0,train,251,9e9f77758a2014edd3353bf7a184703a51635bcf8110e7ce2355af99c85822ee
gb_train_007170,0,train,251,1c286395d63ac334d1d4c584c5ebd36e77b85ae54a00c538c94b666378289dfc
gb_train_011260,0,train,251,3b1e61042579253353099a4fbf790bcd1805452bac5f296a055b54c9b08a9f8f
gb_train_008712,0,train,251,a464928d31f1c4b614f29b5f97665f6136e4cc376fe7b2e9aeeb935b19d28c36
gb_train_000094,0,train,251,e83278448b94f874cd3591b90a3c384d71f9d0e279e6479e9aff4a3ae4b272cf
gb_train_000362,0,train,251,0b8b3e64e71cc1c5fb9eecf83dfd48251714c71d0d916a7febe3b2ff0a2b68e1
gb_train_004591,0,train,251,d4117afeea91b637571bec1e8b51180ed36f4b95a6bc0a819393f2b3b525dd68
gb_train_007780,0,train,251,3b3854853c6f1a83fdbecba2a17464e470f8a1a59e0060d2e7c3bf2ef1231d0a
gb_train_003976,0,train,251,6fcf625db463a868e7b99f5c01405b3c506f420c8d07a22142708c3bb37d6adb
gb_train_000687,0,train,251,99bea8a341840f21458d4a34cd0b7a3b00d22127a0ee21ac323929a34111b588
gb_train_012150,0,train,251,7f43ea9748700d19a5f9e7cf160727b4356958fcfaa5cd036ec629976293285d
gb_train_004594,0,train,251,cd880286fd7b7f28832a13c8dbccdd4c69a904c84dbc7aed730037233a2a8f65
gb_train_011550,0,train,251,763b27576740a9c0976dfbd7ecc134574d235b2a9c8be59f5e93186af5646b3a
gb_train_010203,0,train,251,8d6a634d33ee3308ab29bcad1298fef193430ef20d346cb5fe66347a5dbe7308
gb_train_009331,0,train,251,9d6aca74a4f54b67fdfaa21443e4f16c98f1cb3edf679aabb2eb1a7ff9eb2bf1
gb_train_009105,0,train,251,8a55273938a888260875501bab27523c0085d45262aa2ad5451512fd1721ecd3
gb_train_010785,0,train,251,1679bcdca09ad062451c21e474dbce68fc9615ab5cdcaac362d5447c0abf7e22
gb_train_002674,0,train,251,9fcf66190d708cb40f17c8837ec8f5bb3f6da86555c54a9ca3682d8fc1549a97
gb_train_011989,0,train,251,57b9a1c861220d9c8c366543bdc57bb3d799eb86739653ff9580a84c476bea1c
gb_train_003669,0,train,251,3083be91133912b9b5ead857731077418a5166b7d06c8662e604cc818d54e0eb
gb_train_009692,0,train,251,a1a7e6902b2c2bc296e68e1dc1f126fbf22424cfa61db125a42527b500cf422f
gb_train_003129,0,train,251,432786888d2e9518bd265153408aba0490364f6c1c0f3a0744655162840c741f
gb_train_010282,0,train,251,a8aabbfc644e5eb6aaa259e540941c3fe56a6f949a90fb90a46b149d0c750446
gb_train_010983,0,train,251,17558ca579a9881c3e504e48aa7dfebcf7c31b54d785259b39d46ec030eea2f8
gb_train_009449,0,train,251,8fbebdababeb87874844115abbd0e567c0b76686365987df94e80480355ccd9a
gb_train_005513,0,train,251,7a83e4677b48e23d742ae140c5d5dd98e3df84d4714c8fbe23a79701c7130f66
gb_train_008203,0,train,251,2b61b003371d306d02a443583b3cf92635fc1e0799471f60e929b3b1b260743a
gb_train_005168,0,train,251,c801f93096a34dd188c374b2f0168a65634abe858c6b749615c1a38dc05830aa
gb_train_009008,0,train,251,16eb8e2bf65b8fcde5dbecc8c5e5f7eefdb54812932516240d7f48ce2c027141
gb_train_005640,0,train,251,80ea98000e2297af4495e15a0223b8f5f1a585dff254ec04f5bd4a8433013e0d
gb_train_006109,0,train,251,819b9239e3e36d8021bb834c2946e6593987b79a37e61cf73c31489dad7488e5
gb_train_001661,0,train,251,25cf3e61bf2fee13fe72f49b7b7dee21f88a1525c8d854c6b4665233c32d0473
gb_train_001331,0,train,251,9a319608804fe3d1dbf79870d1ca7053ae76b36dc4788deed295a6afd40e013f
gb_train_006717,0,train,251,126358356bc509b560c306e5a620628a3b53c9f1e7d05cf053264d6e1f355d9e
gb_train_000030,0,train,251,38785633254432925c6279f93291334102594bc5dcce2bd273b77f6e8d1bead4
gb_train_006805,0,train,251,af074ac25d0f0f1512ac2307b2e4007cf37b137401d32a02b1dc54cd1e46e929
gb_train_005420,0,train,251,b1d7a54658fa362ff7bb4951dddba7092fccb27208a7b5daa423e566357c2350
gb_train_004353,0,train,251,149365b780d29a384b801c8d0136af36209ace9733ce71f6ea7d1ae9b336a8a9
gb_train_007412,0,train,251,33c44e92348a26b1e673e0e281326414d25ac1cb4965c18bd6d5c3fc16a493fa
gb_train_021311,1,validation,251,117f259cac683c3f5ff1cb557555a8778cbc788474c45a84e19f7c05ff55de3e
gb_train_014136,1,validation,251,76b2f420e494e24dabeb4c931c9ca072158f639e2773fe5511ff36fd8607329f
gb_train_023757,1,validation,251,c8971b1520cdb0b9fb4f3c69656d15a228a82f9c899bca76021a2af39d44adfe
gb_train_022534,1,validation,251,3ab27daf5223430f8039e1335c19ddf5595a12a34ff7f277b3e42d01b5ace0fa
gb_train_014775,1,validation,251,eb72074ace5c5e51b28743232462e70918bf48c56c49854ceb66d9f74d9fb232
gb_train_022725,1,validation,251,a70255220e7a34d9625e205b06f5cb835e292c11c4e0c4de83347b74abdf7ec2
gb_train_013297,1,validation,251,a1b23573579b8f45715eef03cc6362ba68ad59dc9034ae41eb0a220286c69340
gb_train_013447,1,validation,251,61a2c9cfe7832cb852224e03c6bfb2dd9366412f0554425f95f781ee353722cf
gb_train_018241,1,validation,251,472843b823a2d1cd7f0d0eeaa395349180bc719277d026b96426576c16d5ea95
gb_train_018778,1,validation,251,039ab99593d5a6835b786e9cca2ef0cded87d9c299f221434dc6754dc8750ac5
gb_train_018786,1,validation,251,aa701ebd7d3f6fa402fd6984f242b9bc037fca3b0cc76cca23593121cb165fa7
gb_train_023630,1,validation,251,ba6fd84c3f7b27a94bc2552079ea7564df3e00e770a5def27a2cd1a35446c14a
gb_train_014696,1,validation,251,83001bea3ba288d774ff4717272f2ab09ff8002aedeabb251d66612001139687
gb_train_021813,1,validation,251,dd852413e37a61c5fd1ebddba0ce133c16e9a444a9e0752029a5b8f01c6df76f
gb_train_023774,1,validation,251,8e2fa2cd421bf796a414b4360c71777c5d68ba03ca4a3c060c1644625d12ba80
gb_train_015343,1,validation,251,f26aa41d4f918d6db71c343ac19ff963ca43197615967cc56602aded60d31762
gb_train_025104,1,validation,251,ed4b6fb5eb2be47945090ef213fa919750cade67fea4c8537c5eebc6d9a172a1
gb_train_017242,1,validation,251,49ea525d97c8072af32224f9014ab7480e810dc7850deb91644ae1acb3806e93
gb_train_019665,1,validation,251,b96aa56ce20aa1e9fb2eae0413b3983413d17f3d7c162976cfa3f2b4a2ea1d16
gb_train_025412,1,validation,251,0a788290fff6692769085d871ecb9fa62e7e7e3964dd482cf16eee2cd931b08a
gb_train_023948,1,validation,251,98670130981b56349170cc7df411258d775300ffd06d5f95cf432b0aac862d24
gb_train_017299,1,validation,251,c76d58ed99da221497caa6d3eef1259eb0ba3a01acd4a535893dbea7f774c6db
gb_train_022972,1,validation,251,ae877d54ce35695a9912a3a2dd2ccf9b84419ea8f3d3a7e98fa6e44772e42ab4
gb_train_015644,1,validation,251,79f83efed00c80d489e42e504068a4cb8b3f2e38033355a7476f62533ae141a9
gb_train_019022,1,validation,251,7255f2f3e7ea2b1ca10df09ea973518e39ffbf2b9d40987837792b1cc9634cae
gb_train_019260,1,validation,251,b29e592c06f17bae6dba2436b1300907abe9735f38ebbe15046e5c0c4ce0f843
gb_train_023191,1,validation,251,bb3008180e58b926d757ee17c69106c4165edfdb07fca486abb0f8fb827d79ad
gb_train_026938,1,validation,251,fef939c2ea5b039c35070770d6ea0fc6cf04a3e0cfdf976255ebc42d3a40a231
gb_train_015421,1,validation,251,525f2153b7dcb1f507e67ef5f62d5f6ce21e7583429e7bfa6cbde472a629d7c5
gb_train_010578,0,validation,251,1a8189cac0bcc9f5d658e4d2117b1a626a6fe1fa6a877de7d8a5e413cfa317b1
gb_train_024031,1,validation,251,fe3874552d8eb883d1bf5df232f9f71d3bb1c6523db40a83806e67803b5af1e0
gb_train_017030,1,validation,251,f2f78d2a7ece2fb0f40763a8bd1f502366768d139c36bd366af078f445789059
gb_train_020225,1,validation,251,49cfc1310662851c4d5920d0a127161edfb3002e964c4f00dd91584914df18a3
gb_train_013495,1,validation,251,7b59f12a3a61afa7bf88c2c01ea4df18cdf802a30f1f51e268476e80857d574d
gb_train_014759,1,validation,251,e7f83d12a8a74b1426787b77ddda8e3f4ed1229c51eb6368005e4ebf722fd03e
gb_train_003045,0,validation,251,91c63bc89f12964e49888c1c8d428bb77e3011d82f972db91037379a91927cc1
gb_train_018830,1,validation,251,de62a380f053f29e979727bb9042217211d3442fffa850c9baa495fdd8b3827a
gb_train_015659,1,validation,251,b1336ab1e0d2c1be6d55b25ef3efd081da78eee34bbeb81105894b13ece9a97b
gb_train_024091,1,validation,251,00d9d1452d444f3d80d55e449ddced2d1d72314e98dca8f9581273621dae3a2f
gb_train_012367,1,validation,251,a1538646ba3f3cfcd58eed0a4ff449cb1825adca6484c637ba5b87fd5b1ac6db
gb_train_022378,1,validation,251,0fcb935b491c47c8e34895fb42fc429bdb12fb5e446470cddbc9fd40d2921625
gb_train_021481,1,validation,251,caf3b0254867413e8bf40e9777871fcd574e0063ae63e4bba685b574626f1d96
gb_train_019219,1,validation,251,9e85a01761a5bef012df20c626b0b23d045e74307b788d9e2e08b0d9950e9747
gb_train_022195,1,validation,251,cb9a72f2765c80158c807843559b23c3f665e5268b52556fae2e721a09ae2008
gb_train_018604,1,validation,251,89bf3f55adbd33082289b25401c2f8fcb2017fd4a20cca5086bd19fc9062d449
gb_train_018470,1,validation,251,31c88879d81d09ea80dd8e192097c2fc6a5d3f444afad2e24a3e6a9b8b246f47
gb_train_026797,1,validation,251,bec3eb227799978f4aff2a68e340642e0f9e43d3bd528aa787937e02042dd01f
gb_train_017851,1,validation,251,c2d312756032ea906329d652e9a9590209245249c63a9aad86c7a49896d423bf
gb_train_013846,1,validation,251,882ce0b8895827e3e59972cf763e45170b0fb7319e5bde401d13d08d0a964cd9
gb_train_016927,1,validation,251,f7bb8a1e93b9f9e2fba879c4e8072c1d3d7b929302e0380fd020c17f2e61ce2d
gb_train_023897,1,validation,251,175cb4cf3f5aeb85bb8a1c1ef3a081384bfa4a2766f309fee681a57dea585e8a
gb_train_006453,0,validation,251,37bfa970bab8bcd2b3a9f009b71a793ed9134476e370c569d0d6edc68b67a917
gb_train_018257,1,validation,251,b5d93091e07ddb342fa6f37e5eea13b75bb90ccb014c0d1c21d20cd43d930b8b
gb_train_026615,1,validation,251,ac10613c30891f7060200ffd0d756b00d467d977cd212367e41ce31b27d76173
gb_train_014260,1,validation,251,651d3d4c229c773adc32e57c693724d535ab4e487749f40517fcaaef423b2e1c
gb_train_021881,1,validation,251,77fd10e2377f1f68d9114a3ca2e1a48a95dd35aee1a3b710ac400b10919c9144
gb_train_016475,1,validation,251,743d4839f13279c4174e80b9f18c160c876e9d2244456e07c87e746257cca37e
gb_train_022672,1,validation,251,67b43ab0a460e885ca9f958fc750e71a212cd2901711578137ab9ead0faca066
gb_train_019506,1,validation,251,4b0432752a4b6bab5c025d4379849eb4150a847449ade0486e1d8e575e97f564
gb_train_020083,1,validation,251,8ed0b72907f0429c90031d0bb48004d5aa30e30a6bc53cd4c19f89172969ee56
gb_train_019225,1,validation,251,981b638576bb3d91452d2b22f235eb4d881d9c2bedbbdef11da00eaca93a53d6
gb_train_024142,1,validation,251,1e91939f6d9ab81185f6653c0dd39c5e324ed4cae0c7ff7db4245307d0c5e471
gb_train_022974,1,validation,251,e1a045066b8065e85a2eda777c34ebe44b74f3636d8cefcdd0e08085da86ad4d
gb_train_017296,1,validation,251,c1e4ea69b18403d1819cc0a1a9bfb5eabbd7c10a29100fd016d0e0b2ed0a6e1d
gb_train_023606,1,validation,251,859975043bda329026f78ba5007b772199a669c6261954a846395c34ad362cf1
gb_train_018150,1,validation,251,25f2f85109fc6fafa02ef1b2b901983acad2160929b88d55d7a8418551dd994c
gb_train_015226,1,validation,251,d3a6e191db075262e6f6c4c068159e869fb3b5aa0315f9f6c8b1ef9aebe5e739
gb_train_017433,1,validation,251,3ab170aa8685f700b3b5ff0b9aba280ea6455ff4e90abef853d4a0582a2e337f
gb_train_020149,1,validation,251,f6d6d06a6f27274b7543fa00238b48f6bd27dcf9091c3c1dabd0f4578c418fe6
gb_train_017927,1,validation,251,f2167fd29c8d7b488002d6b2459fd91296a6e1bdd7be72d5047e0584271e36e0
gb_train_024877,1,validation,251,e493f9b9033089a1730455481f513cc95c4bb0599f64f07457ab2cf95e95001c
gb_train_013199,1,validation,251,3caa220c6d45d0b023488e97d59c5c734175af46e035ccdb69bcf01e68a928fb
gb_train_025570,1,validation,251,d39c7d5b8ef655e0e9d3678b5c305c90438ec1c60b89409691c863d8dc27fc72
gb_train_021976,1,validation,251,2d87415347dd9873533b8cf2c797882661ef0b87abb4425992f195685a152b3c
gb_train_012673,1,validation,251,a1caa59cd7a8af79d4ec7f1cf364dc354ee8b484e9b68c53ac0699b966d3ad4f
gb_train_026542,1,validation,251,8806f2f3591d02ea224bd5d54e1930b593a76c7aff95a150a79a9ca879b38663
gb_train_025512,1,validation,251,6dc2077ce316abf350b8fcc8e2fe02a884a7dc47b6fa93c13b923f81cdc7547c
gb_train_013396,1,validation,251,441fdfee5366871dd80f0e4107cfb792f1050f5f27695c0eb52e4d4079a6a87d
gb_train_014770,1,validation,251,6a088ce2d01ccd8bd667ffca8fcc1e4df4a54d2cf823d53599aa071e0cb910e0
gb_train_026888,1,validation,251,2cc4a376a3b02a09017467294bd965609a0bffdfa9880a23789724268188a0dd
gb_train_014201,1,validation,251,11d9c6aac5afbb97218823cb2e3cd51b73d4604c4430b1ba7bb8f5c2dde6d970
gb_train_017635,1,validation,251,b5e8bac245dcdaa9fe6409a9bd673c6833a7cceb798e5e4794c784fdad5a4cf0
gb_train_021249,1,validation,251,f2fdf0da5efa4d0af03a735d5cc6dae752747bdb445519899a83f68680bf92e9
gb_train_018515,1,validation,251,a8f7cba31f1fd405b34ffead9c4545d2ff3f9ca153b6548f2d6b8dcfa353c67e
gb_train_018215,1,validation,251,dd65be70ad60018dc59a1c70d14e6d3fa229991542eae18d142637fc5e655ff3
gb_train_021003,1,validation,251,88980097b736bfd051c0d355c93bfffdb49655d23bf70b530f50f69c86e8d169
gb_train_019496,1,validation,251,73888dcc7957210eab41b2749e5310f27c173d1ecdd80c85e8468fb47e236f5e
gb_train_018592,1,validation,251,24c06537b4224641d025deeff5280b8f9109f5513fa0775903acb53217c739bd
gb_train_020964,1,validation,251,44a8192a8d24277786b8d0b36eb57f0e5bdc980c90d61a761ce3f80d34e1ff27
gb_train_023608,1,validation,251,64e9c12e47b3c7d966f0befd48d9547e11b6556661254fa2a5fb17407da79dbf
gb_train_021012,1,validation,251,a3c890218080d27404d86ac40581c410adaf2120ae3f1efa6bd5963fda8b2148
gb_train_024028,1,validation,251,a6806186f2b7e5731e28055d72dc8e0d6232d847c11931545147fe96a5f89324
gb_train_017525,1,validation,251,0a6857e94e2639a63a35735f5ad5aaae82ee9e9f583e41cf1f7e495becc4166c
gb_train_021811,1,validation,251,7c128204af9524835ccb4fbe16828b75ba5535e1f2eec3dcc7c5ae56f9c8057a
gb_train_022390,1,validation,251,b6b0e0c8e0b639597fad74888d83980fbde81a1810b56f66c4e18e7216ab86d1
gb_train_016544,1,validation,251,61181ae1a02571e5d234a0eb544275dfafcdb6d8979d04ad622e7b03a8767481
gb_train_018513,1,validation,251,35b00bd25ab748bee3f7495a69a739d2517e56121e7de384c86e22ec8b9139d7
gb_train_026771,1,validation,251,4dd475eacc5e269ccb3ac8c291a511be2dad0ef4b36e7dd6e57e95f71785f8e0
gb_train_014998,1,validation,251,95428c65e7c3544c72027a9365078ac45bed9d3ef10e88b1dfc2b57ab3698ae6
gb_train_009297,0,validation,251,f1f49d9a08f010addaae70de9ce37c2fc1b2840c16171d95cf99ca619a2d70df
gb_train_022542,1,validation,251,935eb05e73e0c0e8a6d72f931ed38f01fc8acab45b6744d663bc518d60ca57c5
gb_train_026253,1,validation,251,0869e02dd9901a3337c8ccefc966fffc48e35791a9c89c1e760909a887d43e66
gb_train_020471,1,validation,251,5c10b9dfb7fdab1e12294cd41af2dadff4969266daa100ec03bd4776b860ac4c
gb_train_026470,1,validation,251,e319378f35537e2f7db01ef12f2daca35da0b3d50d347caf820050aee4e8614b
gb_train_008269,0,validation,251,672e9d0f7a42b5f5dc35ec4fd256ea45d39bcc54869633dc90e077b9e983a6b5
gb_train_012273,0,validation,251,422ead1c7913ce896f2ed2912c81be1e98a041e7888d85b16454b1bfc3ccd5fd
gb_train_001232,0,validation,251,2d85a4a3f3b4efc85a5d896fcd22f23ddc6caf442d66dabd62ef60c49f09bca1
gb_train_010479,0,validation,251,7cc6c61da017a4e5312e662d860b6719eeda6414e01479f316fc6bedb0fdc543
gb_train_007334,0,validation,251,abbecb280a2c1431e95188aac452a3941ca01fad7329a088cb7972e6380c131f
gb_train_007799,0,validation,251,3e3bd9061bd2d8e07b87d274f9466a1974c4b2bb3bc4402eda15b55364cd2504
gb_train_005697,0,validation,251,fe5b0eba4573079dcbcef32419b04629fa0246ef4d242091bf6696e02dc35aba
gb_train_010124,0,validation,251,acfb7002c48d67966fc4471a74e8c23ed1d787e50707cfeb61f58b40d5481e38
gb_train_010774,0,validation,251,a7636abe004ebee8383c4b0ea2b675bd263e95d2ad2b357c4625ddf8e86f68a4
gb_train_010801,0,validation,251,194d807cb06ed5f6da5474d5783a0af858282d772f75e44f7d6216365ce2be89
gb_train_012200,0,validation,251,8a622c5b47099145ddcdb5cd3f98aa3598eada5a143a67891992c6bcefd97877
gb_train_000038,0,validation,251,b543b35f83b6150a3818deb962c25c7293eb55c3e9661da0584bd00b72e6b45b
gb_train_011426,0,validation,251,5b37f30cc37deee78c048aaf00ac14371c6b5a1ef1a156e6777d6a279137acb4
gb_train_008491,0,validation,251,8600f7f7977e2316f4fb2d6fb07eaf4cc4026a21aaba3af3ba53eb89401d9b2d
gb_train_004156,0,validation,251,d2a3cf457711b1b8dcad3f7c23b3c8ce4c340aa3813325668eaabb368f04a48b
gb_train_006710,0,validation,251,2bc8446ca0330694dc062f3365ea630587819f1999f5ee51c563edf439f72673
gb_train_005154,0,validation,251,54cf8ad1182e3a605d5dd863b3499b5ff95484f8642f22bb904edc40d8d01d02
gb_train_000021,0,validation,251,346e8ccf0804c52262a1bb1a9e8b65bffb580c85eef3b58ef9e4cda402641797
gb_train_000457,0,validation,251,2412122ec4abef04a160971653b3b06d28b7018df8c2b25260858f485d30641b
gb_train_004859,0,validation,251,89fa6fb06134f6625648f26563b9a2de62060c6fe8d7dac0a9c767e6e8864d5d
gb_train_011560,0,validation,251,ab2ede3a49193b4aaa02539462e28061a16f7320e30358758f43b7b814f0bba3
gb_train_004534,0,validation,251,ff516908504a26cfc293e53a81ed2710e772ded35178daaddd639dfef50b3484
gb_train_011719,0,validation,251,ed31317e1da6822ffe4f1b8c065cc00e7f4d67081b4bd19f97fa9a66f8b31266
gb_train_007431,0,validation,251,dd950efbe73c74eabde780b5d25616ff6cfbb7cd101cfa550fc6dbd70e10fdc9
gb_train_000580,0,validation,251,57e086db9d2d6e48066b0326481325d5694dd6466493de609693c42d457fca98
gb_train_006724,0,validation,251,533088e519852215dc74dd3ec5556f5aff3512e642f218ad3be17b9539760ff5
gb_train_000733,0,validation,251,2847e0c5b0824bb57cd464d3e7d5284c732b396eba0cf9c622297779c5fa8ea5
gb_train_006535,0,validation,251,a2a5ffdbb6929993d2dbab47c0ac2a85ef1af210295ba983ff415805c61851f9
gb_train_008149,0,validation,251,f29acc70ad9b354f6524fedefcc5581ac1f275f0a4ed1dffe87f19ea9e3560b3
gb_train_008988,0,validation,251,3efd95eb0a6b4966664e8811e35cec0b688f295004b25726114014f86ccfef61
gb_train_000807,0,validation,251,425bc2df44cbcfb5e93b5824ce3e010bc800546f5869f8e3a32504671192185b
gb_train_005913,0,validation,251,5904ea11d44ddbd1f20792c5a0d636b47f06db2a991c0927b4b704e7ab8d3fe4
gb_train_011381,0,validation,251,bdc02522c01035c08ab0f116c35bff49d7861895bb1b068cdaa8e54a97022ff1
gb_train_010541,0,validation,251,9f6e65e571669a36400a491a667292b9c684d09f7cf6405025baaea3a4e7177a
gb_train_009229,0,validation,251,3bfd25bd76507bc2232dd050f1a4099959ad8f538cbb423e206c2de52d53e137
gb_train_000544,0,validation,251,e4b8910ccd850f6647e44c9a881ed2640f76a13b8697ddd5abe33fce7a15bb54
gb_train_003553,0,validation,251,d08fd5cf2b8d98ea4bf3e54263b21fa043f3acce2b04005c5e054603777201bd
gb_train_010029,0,validation,251,34f270e063caa749c60ae51cd5f035e16e148d362e7d0e38fb39cef588f1176d
gb_train_009001,0,validation,251,ba254e6163e1b15272a1b2c4c9f725c4024d5252db797b2c853a7d420bde0843
gb_train_004765,0,validation,251,5918161d7aac47f6ba13d8dcb0d9f2c06a5bf9211ef7fe686cbbfd63fcb7b42a
gb_train_001556,0,validation,251,0ac3c0cb8db8f0f75b2dace15cc57eec675fe704323c28157e301d8db4059cf0
gb_train_003945,0,validation,251,2555608f3ed5aed27da3e77d4c2324db5634908405b905d3089861b3f5b9fd0c
gb_train_010546,0,validation,251,f1451ca6a1985b0216a43e4085bc439173c70aa243d428bae905a9fefa1cc1e7
gb_train_009991,0,validation,251,b15de63f6fd9fd9196c2c0b86b8ffc682a07db7fad1717d1b63eaf5de4cfe530
gb_train_002895,0,validation,251,f685c90f35c367605c195209c6d197bbf69be0310de5b2c6e461c28c11ce35d3
gb_train_008634,0,validation,251,629c40ab6f4a7546e81a245e82b4021bae5f5a7faf5252367e172bbfefeebf99
gb_train_011661,0,validation,251,85a629ac8beed1263dd3e53ffbd1cd8f80e648d03eb1ebc0232cc1f7e63b8b6b
gb_train_002646,0,validation,251,eb2b1965a247d0812b513192c07241c46c75fedf14d809b27dfe013581b5b99f
gb_train_000912,0,validation,251,8d9f322d7c9d0b1ffc78cffa6f14ed6e4089920f692c7861f965073b15344b6e
gb_train_003352,0,validation,251,0a837a1b8f9e72811070f307f76563461f3e35e8aefe3a86abec463efca188c0
gb_train_005799,0,validation,251,2a4963a65b6b2836cf9aaa37758519bc41656b300fff349ebf66c27b514ad9ff
gb_train_004060,0,validation,251,3260c90f3dc55b90e2c3de6046a1ea9bdb014a87f175fae18690619d39aa0c01
gb_train_010420,0,validation,251,eb5250be079eef7161273b77bed6791b10a66fffba54d781fb31f1cae1f2a121
gb_train_010226,0,validation,251,ea8f4591a79c93eb9fced322da34abd3900e18248b547f3b8f398005a3af2cf2
gb_train_003933,0,validation,251,0f15a7fd355f3be3fefe0498eedaa010092b5f13f8d1c28908b40a233d518d88
gb_train_007769,0,validation,251,812d2d277ff77f239ba0309231e21ab5c481085b118b5210126773b5d7e34640
gb_train_011078,0,validation,251,7c2de7b682f639b4f0a04eccd1d8490d9665db3b12e61f5fdf03e45ca4ecf7b9
gb_train_003959,0,validation,251,12baccce606c3ebcda6ebc4f77486d7959d56adae4c6ee60dad005160775e496
gb_train_010084,0,validation,251,d7dfca8b3d869c5a75eac43ebda06727f7638ec618ececf763a1e34d4f5a00ae
gb_train_004278,0,validation,251,9552ea8544ed0793dd4d2bb3eed6291381bcb73eacd5e67eaa56683f4e5d3226
gb_train_010095,0,validation,251,d49f19c04d5231aa755ed642c2190b0bcc231f8f572cb06a048f95a824257f7a
gb_train_004361,0,validation,251,053afbf66eeea856929fd5a2b8d0989976d25349948559189058e71de634d4a0
gb_train_000582,0,validation,251,be9a58f4f54faf30756dd6966a05c09bb7b6ba43763509377372ccffeaa33ef9
gb_train_000557,0,validation,251,be7d34db910c5ae3f0d982d1ecf75465d048083a2a6b2a250adf73b940dd925d
gb_train_002642,0,validation,251,920a8055ddf122fe2a51020ef2db2686cc83eaf2def79f183b37e2e81a359eb5
gb_train_005077,0,validation,251,a71dfdd74cd82d99e8b4f7df649401f8a1f1d2b36d5c6275fd67a0facccc44a2
gb_train_000070,0,validation,251,9b35e6345af666c686220079f028043d89d89973c2f7fade0823fc75a43b730b
gb_train_000209,0,validation,251,08e6ed27289867ed71b9dd2f16fb51975461f9a1bb070d0d8a4672d80f7da2db
gb_train_004539,0,validation,251,0e35243b81e32d999018abdd67054e54656de887cd9d71b769ce0c9c97b8c929
gb_train_011007,0,validation,251,9b4b7b7909195e334df08b21317cdc19e1dfa3fb6669097549269a93a31bcb25
gb_train_007389,0,validation,251,8bee4598ece2a10a5f803f6aea3e1237b3cedfc3633732888b78ae5d724b211d
gb_train_002729,0,validation,251,f2de50f460b7d6e057a5d84fee175d0c3e98925c5d5190d9373bf7f0d2682e7a
gb_train_010386,0,validation,251,487e90454d6c72f2c5cc612b380e2da65a56bdfefff9f60a13fac822e6b78288
gb_train_005281,0,validation,251,8dcd1852c8e71b564bfc53cbb8283a8125cd1e3306d3aa5737d3818960f2b843
gb_train_007322,0,validation,251,452b40f0200e9275f656f1dbe0eb663a18974c0517a0b9857d9a9ff23085dde7
gb_train_004763,0,validation,251,1feeb0ad89953a422015c61879cef58b29a7d4a39378da5a58cd97d90d6e06d5
gb_train_005374,0,validation,251,38e88bba14d80a5b4c8f7cff787142854046cfc3cacc4bf058bced1793ae62a8
gb_train_007156,0,validation,251,c94add96ac4a6a7b6c3c35fefd9707c26886f7bac2d051e3e16009c36b436a0d
gb_train_011766,0,validation,251,8df2d580c251ec420e0fa76ef4cb785a24c8fab5394c63b50113856615daa278
gb_train_003275,0,validation,251,19042d89445687b9d2114b6c3d373d7940b8797c08d95992da27291facbc1065
gb_train_009202,0,validation,251,7003bfb01b56c5042d57cad66d680cab6a1abde7b07afb0124e0489ab6463120
gb_train_008601,0,validation,251,a454fef6971a60c47f3c873bea5ba2ca48ac2a239ecd464ff1f1d93703c8471b
gb_train_005479,0,validation,251,c363038583313239bbce90d63134d7faa12e69fe2de6e4182627fd6ea4bb0774
gb_train_010054,0,validation,251,7b4089b6eb7ec902228d05681de16c330c0d713d6f70f3921c09a24a62f93028
gb_train_006101,0,validation,251,d0cd0698d3092a69a7f9d5d539ff2af44d1908c59ea55ac97a5d1933ae280494
gb_train_003871,0,validation,251,970475684dbcab5c2f3fb49e8f30e3da9e9b98ba98596564498ccb7a33376698
gb_train_003409,0,validation,251,1de230fe9546a77f5a73c24b07429dc365d5772f4e8662f098cb225b590cf5a8
gb_train_001780,0,validation,251,f8b857a78ead641f95551a5a1267741b5ff7c5f5cae8749299d13c373b691432
gb_train_003712,0,validation,251,4ce567a9ccfb45a961f1fcdb3a4dde2f9b7d0366ff34b2f2f64571fc36b10bf4
gb_train_000529,0,validation,251,d016199f7e051076f6ef9db7fd6bbe9e5dff9feedc843e43d1da877806e77db7
gb_train_008865,0,validation,251,a2a5d031aca4818dfc30fc58aab08635c8190f0114fb421588b015a5682608e4
gb_train_001988,0,validation,251,e070c4c66cb5b9ebaf7d43a4e34aadc6e05b0df37676a5908542a466990000bb
gb_train_007327,0,validation,251,e1b00dc128df6192dd5b2be1f70e14f975a4570bd99560a77e38e9c3f68afd67
gb_train_010963,0,validation,251,8643022ff18fa77270ecb8ba4851c0dcbf473bec084cc926ed7f58f76fa16c87
gb_train_011349,0,validation,251,3db4b72373b07746ca686b8a834303a1b490cec9e568c7b54a7cf6ce956ec9f1
gb_train_000869,0,validation,251,1ef0e8e624b794898ef644ac232f54f45dd0f4f239a041ab5f4547132ffe114a
gb_test_001566,0,test,251,faf97a603d7c0ea696ae629dcf4e4126189341e073434dfb24b1bb02cc0677b7
gb_test_005765,1,test,251,a70408b992ce8d6ce11ad81a5cc50492321eb08952d88db6267325e2a58dbbbc
gb_test_008049,1,test,251,eb877a096efcf0e1f3af1a4eb58fad5d3b9673c46d041672a4a91e33db7626dc
gb_test_007278,1,test,251,1481bc9848fdb705c873c2c25692492b7b948b1b4fdf066b35de7084013da9df
gb_test_002705,0,test,251,4ce3303bfb72027e4bd0aeb70bfb96cd6dfa3d5df42fef2563a27dd6f9939bec
gb_test_000988,0,test,251,19c8b8b4651443d7cbbf451aff530886182badc521c551565ed817ff30b575ad
gb_test_000744,0,test,251,27f83765758deb7ff3adc941498c1ee7616f72f02496b2953a89d2a4725de1be
gb_test_004414,1,test,251,1054803baed8e3ad7bc52a7bfe5a942c1e177044bb2fdddbd77dcc8b00801dae
gb_test_008431,1,test,251,0676779e7e30c5c97b2198331dcf998a2c9cc5f67920e1a79f56b3a4bf156345
gb_test_007565,1,test,251,10ff07f1bc1aa43fda27e7f716ab0d25cbaab5a624e2d79de764377789c20a75
gb_test_005990,1,test,251,1052a7312c81e143e7208745e6092690b20af3d7cd4bec2462daeef9557c1ac3
gb_test_002131,0,test,251,4874f77cee3df4c4f3e3e921ee62369b771c65ca64afef064010d3514d9cc5ff
gb_test_002021,0,test,251,370d20b49915601d96adf459cee24574443da597b252f4e231f687bba2faaf51
gb_test_005863,1,test,251,35becfcffeebaebb63583dd5777b9b2e71307daf5232667f7a562cc1d923932d
gb_test_008192,1,test,251,70e77ec3bb575a2d4b0da10ad87147eca9e7433612e62db0dabd2fa33ebbc687
gb_test_007545,1,test,251,e0fc985dab3a19e3f76c5457f040f5c09911217f712180be875764f54b6c3de7
gb_test_000628,0,test,251,fe92d4482c6494e60e94ba1358becacc99958e15dc5e973a1d95fb88d0573f1e
gb_test_007107,1,test,251,bba4a7fd8167dab74e9d4b6d7ba582254c55207ec70cc02b09bc2dff538133e5
gb_test_000135,0,test,251,057fd729b3c63a4e7a671835c70beb24b0b823062a12efe11edfcb9f240d891a
gb_test_007896,1,test,251,034b496f2c1dcba9fc7f156ba8fab188dc8dfdb18cc321fdca73d5691faeb624
gb_test_005714,1,test,251,a9fda2f6a4d076fd0c32ad76a05f311c5b87247b2a665927632418314c0d2895
gb_test_005025,1,test,251,b24febccb08f7ea06231ad731280e9b4f4089b20572e41bda3e72a46694f8dfa
gb_test_000436,0,test,251,88890b4fb656b3bf0e3138e2952f3ad77b2c7e3f56139de856407df016ba9e21
gb_test_003305,0,test,251,60b2a0b2247e16646a28f51be6c57e5c2769080053578e5a27524af56ab1e46a
gb_test_003336,0,test,251,22bc99906538f2b42c65c022dd9a75390b29766f360f2aa38c11ffa70dda0cb0
gb_test_000468,0,test,251,526b3b7404ec97bd20d4bea9a5342628ce0b53490ee3850a3bdbff438781924b
gb_test_002791,0,test,251,9cb2dde63545dc2f102086c02fce989c4f90c5717a8640b7f6359cb6c96b86d8
gb_test_008941,1,test,251,1e9027b7f3f1a601a7d91f8ba52f6d2533c7b627ef29d90a1f58716b007224c2
gb_test_007045,1,test,251,4ff6eb30f3aec3684c0b8ad3c7045278c3b12f5de9ed04173a0da95a62da6275
gb_test_008259,1,test,251,d7895960fbb8bd61fdc9bca46ab4bb7bf9c6d9cb34bb40f19f0e05d4a8ea77c2
gb_test_005136,1,test,251,e29c6d545394c64b4091aa55fdd43543e2db75c83b68acb1b5ac34bccc407a70
gb_test_000437,0,test,251,1ac721ac4ab942e0b173f1bc9b3e0d791c0982c6145cf408542cf279dc84652b
gb_test_003500,0,test,251,81582616e37116f66178640bace72284e409a148adee4699e237971f7727717e
gb_test_002148,0,test,251,679d8ee158d0cb7d612ee38a110e0ca8bc6eae8230f13e9d7f76514a6ab3048f
gb_test_003436,0,test,251,eb5025d22457a88eeac47896b7f692cad3e736dc911f7583adc00aaaefe41299
gb_test_007251,1,test,251,c55f7f5668f67ce466632fad6d3b73245fa0239d82dfb6af077c629944a21937
gb_test_004519,1,test,251,af480f1bb8177caeb6f232dd203417a50b325035c4ff265ac52bb5a95868df7a
gb_test_005932,1,test,251,644462cfad1d850a11a40133bb635ca10b1961f3bb62808b9016a09960313a65
gb_test_002802,0,test,251,ce6e8a0994d8b356c3b259b4a4fed88b27913916a72bac42f7e379ebd0d7f9f3
gb_test_006996,1,test,251,ce1642dbb7a58d55d86e9651142ef3e09c8974998caff6e479ca8c057762570a
gb_test_003283,0,test,251,7fe9e6243a5054d55872cf9bc26cc03d94062ba84f1eeea4a75416ccd9f7e81c
gb_test_007168,1,test,251,ecda57bec8103140cb7d7633cba07f9c49ff5b4316602455a01e2cb317ec5ace
gb_test_006993,1,test,251,9c69370e6e395361f92ae4e0f94bee370e86e901fa5319c9f89e8db0f051bff8
gb_test_007899,1,test,251,2c282298666d572ace751f8ef375ad08f23b3b07a905f1a1dcffb6f94864d222
gb_test_008723,1,test,251,8e3fadd50a1ee0c0199da6370f3500474a3b80b84fbaf7fa246b14b00c20ef77
gb_test_004700,1,test,251,589ea583cb3cec45829765c3bef0c87a40477e11a89fae28e8eb80d24098e257
gb_test_005172,1,test,251,2de5d4e0ca7f410199a95e4e6b1dbb44f93caa5eb0e9d787c99798832891ba72
gb_test_000510,0,test,251,ca10a6f55f5221a3b13b1c81521ee8e4cf2f9d15eeed4fe395ab165df5f3aac1
gb_test_002670,0,test,251,967ce641061dc5ec2457a6bfe4f2d0c40ff946ed898c222b63a989a4fbcfc51e
gb_test_002896,0,test,251,e731950907f1eedc5c02169a4199a08d4e732c3dada413b260e64c6f44492398
gb_test_002424,0,test,251,9a163ea9676cef23e33c580ec6ded1278a67fc808c2fd12d42d360def20ba220
gb_test_005875,1,test,251,0b43eb5ec021156610771f5d379e1c12ecdcfe6dc367bcbb4bde56fb39e0f859
gb_test_002037,0,test,251,0da9e82024ea54e5aaf0490d5558aeebab4d4a8f6d1fec1e3fe0acc033457fdc
gb_test_003657,0,test,251,a97f56f788c5df3f141ced6e321fbc52a2ad9aae4fe445f91728461d898004db
gb_test_006797,1,test,251,5276b563baf76a0b66d6fdb6c8978a96528603c4b96084b184b2de8736c5516d
gb_test_001714,0,test,251,8e38e5b08325a6dcbe80a21b91639240ad2480a94a9d87a62e546fa31e58fd0e
gb_test_007229,1,test,251,70eacc523a958a073206fedc0a7d30f93adf3e473d4ec740db8fb8d4fe6246d0
gb_test_000241,0,test,251,695b679865fa1a1d3488c9a0a79fb39990927135910ccbb8d8c5d743a8a4040d
gb_test_001412,0,test,251,729e9d113a0fc985b36ea1e206a5da51774b403deed52e32ffcdc9143a50bded
gb_test_006602,1,test,251,78169d046eb8010073452abdb36bdc37deb4f8fdf41986b639bf03e70e065390
gb_test_006044,1,test,251,1f60d7aaf931f6abd6440ef4dec5b453b6ec32f78a5433743f4adac007791b6e
gb_test_005653,1,test,251,498f24134e880561a2a107fd804c824b5132547c1fd5ead7ee431c8e0c1bb6ba
gb_test_000685,0,test,251,38eb4a9760c165df1eba0c64577456053c362f2d6cd6fe2414ef2e3931c9874d
gb_test_006445,1,test,251,a64eb1812b8c3536f750dfba91c3b5782a4a91181711f7b39003f01728c2afe8
gb_test_001141,0,test,251,72e03921d97176dc882847894f3644287d7dbca270389ebcf80147a6424bda3e
gb_test_002005,0,test,251,680f8604bb91339c0f77f5115abec5b0bc08a4e29e3780e2b3995a7788656203
gb_test_005152,1,test,251,f24a8b2f6f07f3779d918d05adbc0d8822aec22c012be1e7a06da0f9ded83a11
gb_test_008067,1,test,251,66bc19db8cfa0f662261a95b809e60f477ec4af9bb7f93b09af9f35071b7eefc
gb_test_002121,0,test,251,e75462eeb40fe07ef8297d3feae928b9b7b56a6197cfd8031294f42cb634f069
gb_test_008824,1,test,251,117094d92531ac910ca89fea066a9e61bac2c0f8b52d8593f786c89df75ff599
gb_test_001644,0,test,251,0cc17909213748dcfb5bbe53fa86085eddb320f70aba5296cf8bde2ba7f18224
gb_test_004107,0,test,251,f2cc6594eefea00b8e08d99cb7011be338683e0d87f358a3acc348594ab2491f
gb_test_006898,1,test,251,0e75f1381273a5396f982657ad6eddba03fee01cfeff05d8b1e321f828003a8b
gb_test_000812,0,test,251,c93187c41a096c2c6a993193210ce4a9fc3f1bf2a4474b9643ce405ccdb4cb62
gb_test_002665,0,test,251,7cb75a0d51a50d0cdd331da73b8d408258da6fa454bb6685f6aec334d58b7ec5
gb_test_003049,0,test,251,3f82bed296f889d8cc24e48a0c755cc49e4ec397da4e154bda31e59f6a7452d5
gb_test_006161,1,test,251,7dfb3c62bb63dd3dd65cdb9534f3b766b39149fa63726c49900a0316fbff558c
gb_test_008989,1,test,251,5acbbd3cd4ee02ef0d162da06d5966638afe76219325abf6cfb36ac8f0851835
gb_test_000962,0,test,251,24354cfffbea4c182bf37bff360ff677ed43e42f5ca7e2814591ec426082e8cf
gb_test_009004,1,test,251,282730a7ff9976f28e33ce0816f2434737d4a754d6d39f99658ad96c660aca0f
gb_test_008364,1,test,251,a791d3b76028f4b22c7995dc50646cb3431b1a49d2228c91090c94ca32b5d028
gb_test_005315,1,test,251,e027459b19e0710c87cbc43149d86c1679d1472bc3e5c091c380a05f0e52f99b
gb_test_002123,0,test,251,514c54b136a9381727e29054cbe9b6dddec00e339cc1e1553f99e443ef3f743c
gb_test_005486,1,test,251,79ffea2de31e7153aee8f92f8cdb97235a02234a4800769911663881ca4fd4bf
gb_test_000143,0,test,251,b731ba150197ff70dc423b37ca330ebc7b5102e1fa8b95b9c2a18619e64598d7
gb_test_005010,1,test,251,83af8dea41d7944ff8faf5d4f8970028d1201df6b3b984915d74e2b5c19c3281
gb_test_008716,1,test,251,1b773c77b4bd8ae75444410cfa5b359eedcccb1bc616ad663db2fb459f490836
gb_test_004134,1,test,251,494f6bd5769c00f82c3e741fbbdfefed057ae459b06bdaf5355326f97fede5bc
gb_test_005716,1,test,251,100d05f1ac81a5f775207e42ec9f2544cf9f37207088a13d37b3b8aafd0fb541
gb_test_006621,1,test,251,7d996803b20ecdbde2121099e88c2a978d7350589d490dbd8e9471952d055762
gb_test_002885,0,test,251,a56c4e112ae1ba7552c56875d56ce4a8db2654390076cdfbd5d4d6922d8ca796
gb_test_002870,0,test,251,29e0edde457810e74a7cb278c90a90e8663808ca8490a9411f58a5b6c2c1e86d
gb_test_006688,1,test,251,71e6169541b4ddd9b8b08f7ffa720465aa4ddc4863e014d9e182b544d7ba8cca
gb_test_006772,1,test,251,b60de8f0584558b767fc45e3b9f2340251783bdea659335b0eb1ff52ecf9edc5
gb_test_004157,1,test,251,51a82f51db14b301c1026031c97d786b02f63fcc5cba57dd19aad8bae69de56e
gb_test_008883,1,test,251,d7c01fb93a657120943aa2ecae68c8cb4bbcb1ff9c6e74e791632e4e51fc4584
gb_test_000229,0,test,251,69e8429707ee2aac96bb46a5eb435d92ca941518d31caabec61296df82f3bae1
gb_test_006570,1,test,251,2d605b4b523de141562a0eccab6e21d397d66adc39c2c3e2be839cbbfaabb2f7
gb_test_002345,0,test,251,01b5423c03781003bb7bfcb52a5eb8113c78f616f32663af1083cd8f0e51ca3c
gb_test_007569,1,test,251,dda738ea412aebaf3c7e26bcb11489c98e84c672f72a613f7b2eb35287d9dd9a
gb_test_008975,1,test,251,0ec552a935114ade90ccd0e2a0df5466953e00b78a4a9eeb7591508ac7865536
gb_test_005493,1,test,251,9ae662a3b5323db9308f7a6b05a990ec254d2d148bc7d880f71cd2e353a31352
gb_test_004903,1,test,251,a02d36e124c8c98884e85464ba9ae832674ce4c11d7988c129caed230770d9b2
gb_test_004065,0,test,251,b1a9520d07eb7411b5972385e0acd8fc0095f8c8c1d193cce2bffb24f99a0fd9
gb_test_004041,0,test,251,8e0a599648dd641e8674594ec289bff8f8d60e5da8dac895dd019587f34e4136
gb_test_005071,1,test,251,41545bf2b9363b1c617b43b5aa3a617ce175d8c52eec276688395293df594b3d
gb_test_004590,1,test,251,3f64976c5b1959e27010f4f5388dd5634cbc44771a8648b7e0480a8d1320cd24
gb_test_003524,0,test,251,26842e343cbb90d8a8baefa145c369a093f876ef70837e96476ba1757bb1fea3
gb_test_006408,1,test,251,51f8de6cdbfa99885d71d348f8580c28f0e92eee5a2bf13bab6553962fb2878f
gb_test_006811,1,test,251,e54d3aa040bdb61f39b4a642c83ae5aea76c9f553ae0547aef116fd75e402719
gb_test_003572,0,test,251,3b8d643970aeebd66050479386270faacb6cd3881e4837822649cab929c4bd15
gb_test_002584,0,test,251,45fe66974d7eb363c217a12d3012589a465220ab41525f66a95bb47043f1a2f9
gb_test_007082,1,test,251,35a73b666b5c74000faeaaf980e165df667f2dbeb8a81bea20a6b38781bbacc6
gb_test_000315,0,test,251,c31ed58d8f744e17d3a272b3ab076b0c81c4d4015214e17fec74c6d975ba48c6
gb_test_000838,0,test,251,206a6ad30a44f86b0329c8fb7c5cbb091028f289e6f179c7f8e825d334f250a6
gb_test_002422,0,test,251,b027022202db0f0cf61b38d400734d99af4aaad489c48f201730c37393753e1b
gb_test_004666,1,test,251,0fa25fbeb8ba685350237da7b65fbc351c4e35ddfa5392be92a36febdc8c5a5b
gb_test_002320,0,test,251,70b765e51748f7ad89c08255deaea8d59fea077eca6e54c9e60cde5bfbe35752
gb_test_006069,1,test,251,6b3a99aac971258403e252797dd513489d71c3e900f457fabd57959884610a8f
gb_test_006916,1,test,251,5e8644b9b534cace27498ed1c24dd04e83c94e6a9e6464063291c88bad1dd72f
gb_test_003616,0,test,251,1172448955aaa42815047ba771aa0e5dac58c10adc8404f1869108062e7a9bf3
gb_test_008517,1,test,251,736e2bf62af44fae8a0960a06607039a67941d8e4c4c1542c50f706acf505372
gb_test_008656,1,test,251,153b34af5256a78fcea7d518a06a5f5555017681af9ed0b043654b3bb4077fbe
gb_test_001509,0,test,251,9f76e1ee93250e07bac50ccfbfaa9cfaafb4372c90545f60fc8248ea0aaa9e44
gb_test_002516,0,test,251,11fd05396f3e4c25578a002cfeae67b0c81db9d2f12f18c2143e58e0e01afa42
gb_test_005782,1,test,251,acf5a53858f660b636555867f70f16c0f2a6d5af4d47477ebd8690ed62f7e236
gb_test_001317,0,test,251,9deb7de23accea2d41ce78fe50e01072d942b2fc79f8774ae6627e8e82d1690a
gb_test_006761,1,test,251,2348a032c740d2162fb3c7e509d2875f48219632be043f291a71b92edd1f07e9
gb_test_004727,1,test,251,35d25129ba9d767c4871e83e121d074d37de4eae126d80b5c997dd0409b4d6f4
gb_test_008401,1,test,251,8afa974f2d0333e3b9d511f997df5d2153205cd619c038985ea165904bacd771
gb_test_005724,1,test,251,6daee009bb95b6cee0604de3921311d0cf72ac2866bacfef1cb1ce7a13891d5f
gb_test_001833,0,test,251,35423b7e1fbe932c5a70372470c02d1d01aac6c9edbf02a4433d0b6822e0a5d8
gb_test_003391,0,test,251,f2eec10eaebb6f3dc88cfab350c87022d5128b0a116eba293ea870c1254347c3
gb_test_002341,0,test,251,688487072efbc77e0dabb6dcc1ce74f8a70b6cafd8a2213fe7dbcce121835196
gb_test_002197,0,test,251,2f3b064e2a89e091a60d2f82a1b2426b0e8a4b718658b5961dd57083c8b72ee7
gb_test_002970,0,test,251,2328153862315cc6623dd46b518cf5a3b4582a1981192f4cf73ee37f147a3c9f
gb_test_006488,1,test,251,c9d8c55c0817592ad649925bf83e920c29d40912b55f1be3bdbec38195ac51ba
gb_test_006239,1,test,251,cdefa46904584a1b30c4fcf741b3c3515e2438a197dee75970c6830a551b7f62
gb_test_000636,0,test,251,a07c4c859c0dd6f599ee6b95b76ed8a203fe58d068a34a4bcb691e0baee99c1d
gb_test_008336,1,test,251,c402ab1a8577412ed7075ed6d074f82e9368c7a24b176b190041b3b1808cc63b
gb_test_000555,0,test,251,ef08e20d59f4eb29758a5ff0dab116ff96b05423be0eb12f7dbd93d0384b188f
gb_test_008302,1,test,251,1c29c44d285d23dfb9e7805aa6686e1c53b1016c30369e744221e625557cee92
gb_test_008668,1,test,251,eeb05393c64932ebfd70ae3da38fc118f66b380ef9bc17d3f2f4521ccedc5c9f
gb_test_002785,0,test,251,5eba4180b2d780fc5c29ae11c98b20086e21aa19f0a809b5a9e78af54635f139
gb_test_008586,1,test,251,391ce97b9d03e48d66093f84aea2b187e291940de6ff3534307998911dd3dcd0
gb_test_004149,1,test,251,034b83f882ce189f4d5efb93b21bb81dc58fefc0ac0c0850ecbe1a0c3536164c
gb_test_006129,1,test,251,6d9eaa81761d28e5c36047a14f6da9d3245afbc7bd1f83b707a0595598294ca5
gb_test_006818,1,test,251,8484cb9ccbb7abe4115441120223ac8ee66264746b8dee95406fb25adcb4599c
gb_test_000893,0,test,251,4c4a554f99d3c91f677c87bce197df13eb344a9231a8ab435cd7ab191c0e194f
gb_test_007603,1,test,251,2353da22a3fa12da76cd8ac68979077c4d8120029cb128e5a75fc053ced40fe2
gb_test_002868,0,test,251,0c2b1f451bd0d2f22a02414ab9442fe1dbdca45c3c05ef6b94da34d421188916
gb_test_002659,0,test,251,e9a014a948c29ba71041d680a66bbacec3e731e17233b54c9f6f96af6c6bee94
gb_test_003495,0,test,251,f354670fb482fe8b981ee7018c1edcf85ca6348fcd24e1f0676d5ac4b9229da1
gb_test_007932,1,test,251,4d17eb5d54c29a32548b316112b521a33adb9fb51aa8bd27dd8953d6f03ae743
gb_test_007910,1,test,251,8a502f01b8e15e652ed11bf87bb0631f7a0458be7ed4443c38efbdb71a6f04c0
gb_test_008828,1,test,251,2b0ef203b0d507b02b5599035f60aa1f0cce07ac393f2e06d44106f2e1743157
gb_test_002790,0,test,251,2fca6d47c1a4fa352a411d34873993c996405b78f32883bacac9b432257a2dc6
gb_test_000419,0,test,251,dbb96e352b75e59b28163552c9120148f8c574bfe0e6be6ca6f7e6e565013023
gb_test_008515,1,test,251,0bdc7a3e7280d6bd0c882e9979888eb4f5f5fdd0b5a1a995cdff8bc517729c0e
gb_test_001021,0,test,251,e50310054f0a0e1df7182c855690c838b03452b16800aea85213664f4e5c5122
gb_test_008494,1,test,251,5908f240ae6f8647bb8a3e21b43ec38a27ab59157488763152c540fe30510ffa
gb_test_008056,1,test,251,5e1f77bcf9495c56f0eb41a025bc595c990b7de7e549a72cfc4adda3b8eebac8
gb_test_004624,1,test,251,671650815ebbfd99624d675e5d04dfdc0f2159dd22e74c74c7ded4b8698ea881
gb_test_003095,0,test,251,29a609f41c0f308083750c036e7d8a5fe90b5fe83f3570f7355a56164782bbe3
gb_test_002692,0,test,251,6e8760bbdfe4141f8be49eb538577a85af630b09e176dc8f6cef55fcbd22d457
gb_test_002832,0,test,251,9b6b0350f75aeb867b2fd27ec456e528b0338030a2f8971edcddfb45be63a195
gb_test_000749,0,test,251,356799a49c3217f0f877602ac647224b26bf05380066609bdc3400615f2c8d0c
gb_test_005813,1,test,251,bbd23f826efcff9ee744ffa92adca60d27846dd0ca000d66a7fc9835490944a8
gb_test_005544,1,test,251,875d5cb247d3b6caa76549eeb6cba259e4ce2bf0de77945e60e786dcc914ba94
gb_test_006132,1,test,251,ef9a7f4a1535bd42955c42bf926281a3fdf54f5b82ce269e79363c259ac697df
gb_test_005858,1,test,251,c90d3d6fd064c1d8f38b8abcc9cb6688f7e13821757b41e67a55fa49a9098190
gb_test_002771,0,test,251,eb81e4469f4875201ea1c2d70fb718b4ab30e5b1fa808730ca29704c06c68261
gb_test_003868,0,test,251,a25881d4deaf765efc3f84ff0e7d2941bb79c5d30c605e54bc45b76434822129
gb_test_008915,1,test,251,6f75e5155e29b6cb6954d332507b38991cecce1efd4083f2d82eec0a27170e4b
gb_test_006394,1,test,251,5b32071e2922dec8e395e45414ec3836fbaeb63e2f01687b5f77cbdc2ac5d4b8
gb_test_001231,0,test,251,ddb014b1982377a0e51c64353505f7bc26d3722fd3ca6022787d95e968814817
gb_test_007820,1,test,251,0628ba1987060b7091d34ff2458ef3dd6fc934cfe238e5cc927ba9c5c8c08150
gb_test_007375,1,test,251,7de1c92d552129f649a7848a16813a7fc1ffb1b760d556f78fec5a749f5c721f
gb_test_001209,0,test,251,e9fbfa39af0fd6e2acdbedc815dc125110f0831d7e4f395a88840fd3063ba3bc
gb_test_005183,1,test,251,f7343a8f33d520c8dded22d72d22e35bda9962318d149ec96bb038fdd37dc43b
gb_test_002951,0,test,251,0ee668c8cba1f5073f0a4bcccdeb4fb27e3c889e16f591f8ff08030bcd96bdbb
gb_test_001159,0,test,251,1b7b5e29a6837e1e6089a044111c6b5b4823e2ea36e5b951354478062c816c27
gb_test_002693,0,test,251,786e6d064ee49c7bf256f251cea6fb0c104da26fdaee04655690b71b8c44203d
gb_test_001227,0,test,251,bdc462fb9fadca59a943f6db33bc3b96182af75eb7959d554824e6a9eb9c3495
gb_test_003973,0,test,251,cca24ad9eac8dead3f2242d7063d2cb4bb81c71390b5e348e7290f0b256e2738
gb_test_002207,0,test,251,ab36561518b0a1899686e0d52820933fc452c72f53b2372eab0f88b7165e9a87
gb_test_002963,0,test,251,75f2b37f96abe36cd2be527311e2957ef0f1f95ba607e4eb57ee56a7d9ffaac4
gb_test_002280,0,test,251,599e3b985017d0b84157f769cc607fbe4e7f0cdafd29ac7fba96221687e6f5ec
gb_test_002224,0,test,251,150a40ac5ca87b8689b1e45db311e1b74f9b972db2a6a043f2e368b5dd1e2413
gb_test_002139,0,test,251,4da4fb589b0bc6caa4d5d7d65a0b0c03fcea0994648d6dabb5175f1bb0cb062c
gb_test_002142,0,test,251,2eb304d5be2147b6ebc86304b9998e95eca5b39bbddb1af68d048e47e873d885
gb_test_001454,0,test,251,5efd2b0f748174f3d8ee79560857b5fefabaa6f106dfcb8bed06ae3c1eca1bf2
gb_test_002269,0,test,251,836c7f187224eac2b551050e8541b485bf39e2979fd0512ec412808154b69636
gb_test_002470,0,test,251,e9451e34e83582eb3bc9f7fc11c8d8e630481db91f566ae1d3fa767647da72bc
gb_test_003126,0,test,251,fbfd6f5e93ca5469f536e97b551151691ac8001d6d96f2ddd35cc3cf1e844a4f
gb_test_001262,0,test,251,1c246f4da6eafe0e8cc1d8b0d9abfc2f0aa3ec3ccdbba2df52f7fd1da90b50de
gb_test_001105,0,test,251,ad4d62ca19a842e58effa21e55d8364cdc53c4a4dcebae029ced62be3c212b34
gb_test_002859,0,test,251,1e4bd879cde29b2217db976e1f1a14bb3a043ba0aa24d9d77ffa0e6443f89c02
gb_test_002864,0,test,251,bc037149a11e5ea9496b9c5ec7c03f5567b6ffb8d7302de25b42bd3b244d227f
gb_test_000748,0,test,251,453e0ffc95bfdcc4f30a03f23f15ca14d1a131da8d61e761009cdbbf77b86385
